/*
 Navicat Premium Data Transfer

 Source Server         : shop
 Source Server Type    : MySQL
 Source Server Version : 80019
 Source Host           : localhost:3306
 Source Schema         : acupoint

 Target Server Type    : MySQL
 Target Server Version : 80019
 File Encoding         : 65001

 Date: 08/06/2021 21:46:41
*/

SET NAMES utf8mb4;
SET FOREIGN_KEY_CHECKS = 0;

-- ----------------------------
-- Table structure for dw
-- ----------------------------
DROP TABLE IF EXISTS `dw`;
CREATE TABLE `dw`  (
  `id` int(0) NOT NULL,
  `link` varchar(20000) CHARACTER SET utf8 COLLATE utf8_general_ci NULL DEFAULT NULL,
  `note` varchar(255) CHARACTER SET utf8 COLLATE utf8_general_ci NULL DEFAULT NULL,
  PRIMARY KEY (`id`) USING BTREE
) ENGINE = InnoDB CHARACTER SET = utf8 COLLATE = utf8_general_ci ROW_FORMAT = Dynamic;

-- ----------------------------
-- Records of dw
-- ----------------------------
INSERT INTO `dw` VALUES (1, 'jm0;jm1;jm2', '经脉表');
INSERT INTO `dw` VALUES (2, 'jj0;jj1;jj2;jj3', '讲解表');
INSERT INTO `dw` VALUES (3, 'xw0,xw1,xw2,xw3', '穴位表');
INSERT INTO `dw` VALUES (4, 'jb0;jb1;jb2', '疾病表');
INSERT INTO `dw` VALUES (5, 'wz0;wz1;wz2', '文章表');

-- ----------------------------
-- Table structure for img
-- ----------------------------
DROP TABLE IF EXISTS `img`;
CREATE TABLE `img`  (
  `id` int(0) NOT NULL,
  `link` varchar(20000) CHARACTER SET utf8 COLLATE utf8_general_ci NULL DEFAULT NULL,
  `note` varchar(255) CHARACTER SET utf8 COLLATE utf8_general_ci NULL DEFAULT NULL,
  PRIMARY KEY (`id`) USING BTREE
) ENGINE = InnoDB CHARACTER SET = utf8 COLLATE = utf8_general_ci ROW_FORMAT = Dynamic;

-- ----------------------------
-- Records of img
-- ----------------------------
INSERT INTO `img` VALUES (1, 'D:\\XwImages\\jmImg\\jm1.jpg;D:\\XwImages\\jmImg\\jm2.jpg;D:\\XwImages\\jmImg\\jm3.jpg;D:\\XwImages\\jmImg\\jm4.jpg;D:\\XwImages\\jmImg\\jm5.jpg;D:\\XwImages\\jmImg\\jm6.jpg;D:\\XwImages\\jmImg\\jm7.jpg;D:\\XwImages\\jmImg\\jm8.jpg;D:\\XwImages\\jmImg\\jm9.jpg;D:\\XwImages\\jmImg\\jm10.jpg;D:\\XwImages\\jmImg\\jm11.jpg;D:\\XwImages\\jmImg\\jm12.jpg;D:\\XwImages\\jmImg\\jm13.jpg;D:\\XwImages\\jmImg\\jm14.jpg;D:\\XwImages\\jmImg\\jm15.jpg;', '手太阴肺经图');

-- ----------------------------
-- Table structure for jb
-- ----------------------------
DROP TABLE IF EXISTS `jb`;
CREATE TABLE `jb`  (
  `id` int(0) NOT NULL,
  `name` varchar(255) CHARACTER SET utf8 COLLATE utf8_general_ci NULL DEFAULT NULL,
  `ename` varchar(100) CHARACTER SET utf8 COLLATE utf8_general_ci NULL DEFAULT NULL,
  `definition` varchar(600) CHARACTER SET utf8 COLLATE utf8_general_ci NULL DEFAULT NULL,
  `symptom` varchar(10000) CHARACTER SET utf8 COLLATE utf8_general_ci NULL DEFAULT NULL,
  `identify` varchar(10000) CHARACTER SET utf8 COLLATE utf8_general_ci NULL DEFAULT NULL,
  `img` varchar(255) CHARACTER SET utf8 COLLATE utf8_general_ci NULL DEFAULT NULL,
  `imgList` varchar(255) CHARACTER SET utf8 COLLATE utf8_general_ci NULL DEFAULT NULL,
  `nameList` varchar(55) CHARACTER SET utf8 COLLATE utf8_general_ci NULL DEFAULT NULL,
  `bofang` varchar(255) CHARACTER SET utf8 COLLATE utf8_general_ci NULL DEFAULT NULL,
  PRIMARY KEY (`id`) USING BTREE
) ENGINE = InnoDB CHARACTER SET = utf8 COLLATE = utf8_general_ci ROW_FORMAT = Dynamic;

-- ----------------------------
-- Records of jb
-- ----------------------------
INSERT INTO `jb` VALUES (1, '#咳嗽', '#kesou', '#咳嗽是指肺气上逆引起的一种症状，以咳嗽，咯痰为主要表现。其中有声无痰为咳，有痰无声为嗽，本症的病因有外感、内伤两大类。外感咳嗽为六淫外邪浸袭肺系。内伤咳嗽为脏腑功能失调。病因病机为肺气不清，失于宣降。本症常见于现代医学的呼吸道感染，急、慢性气管炎，支气管扩张、肺炎、肺结核等以咳嗽为主要临床表现的肺系疾病。', '#①风寒束表:咳嗽，痰稀色白，咽痒声重，鼻塞流清涕，头痛发热，恶寒或恶风，关节痠痛，舌苔薄白，脉浮紧或浮缓。*②风热袭肺:咳嗽不爽,痰黄或黄白而稠，头痛鼻塞，口干咽痛，身热恶风有汗，或微恶风寒，舌苔薄黄，脉浮数。*③燥邪伤肺:咳嗽,痰少黏稠,难于咳出,或痰中带血丝，或干咳无痰，鼻燥咽干或咽喉痒痛，咳甚则胸痛形寒身热，舌尖红，苔黄，脉浮数或细数。*④痰湿蕴肺:咳嗽,痰多色白,痰出咳止，伴胸脘胀闷,饮食减少，或有恶心呕吐，或见面肿，舌苔白腻，脉濡滑。*⑤肝火犯肺:咳嗽气逆，痰出不爽，或如梅核，或如败絮难于咳出，咽干，咳时面红并引及胁痛，烦躁易怒，舌边尖红，苔薄黄而干，脉弦数。*⑥肺气虚:咳嗽气短,痰清稀薄,面色咣白，动则汗出,易感外邪，舌质淡嫩，苔薄白，脉虚无力。*⑦肺阴虚:久咳不止，痰少而黏，或痰中带血丝,形体消瘦，口燥咽干，或咳声嘶哑。若阴虚火旺者,可伴见潮热盗汗，少气，胸部隐痛，舌质红，少苔，脉细数。*⑧肾气虚:咳嗽,痰清稀呈泡沫状，咳甚则遗溺,气短,劳累则加重，面白微肿，或肢体浮肿，腰痠恶寒，苔白质淡，脉沉细。', '#①风寒束表咳嗽与风热袭肺咳嗽:二证皆由感受外邪所致，故均有表证。风寒咳嗽，因风寒之邪束表犯肺,肺气失宣而见咳嗽,肺气不宣则津液失布故见痰稀色白,鼻流清涕，风寒外束，揍理闭塞，则见头痛发热，恶风寒等。风热袭肺咳嗽为风热邪气犯肺，肺失清肃,热灼津液，故见咳而不爽,痰稠而黄，口渴咽痛;风热上扰清窍，则头部气血逆乱而发为头痛;正邪交争，功能亢奋,故见体温升高而发热,邪气袭表，卫外功能失调则恶风，风热之邪主升发、疏泄,使腠理开泄而见汗出，此二证当以咳嗽的特点，痰的性状，以及所兼表证不同，为其鉴别要点。若表邪入里化热,转为肺热咳嗽,临证均当鉴别。风热袭肺咳嗽亦见表解或未解而肺热已炽之变。*②燥邪伤肺咳嗽与痰湿阻肺咳嗽:二证均为感受外邪所致,故也可均见表证。但其发病有季节性。因感邪的性质不同，临床表现也不同，此可与风寒束表，风热袭肺二型相鉴别。燥邪伤肺咳嗽(此指温燥而言。凉燥谓秋凉之气，治从风寒束表咳嗽)，常见于气候干燥之秋季，或过食辛燥食物所致。燥热之邪，耗伤津液，肺失濡润，气机不利，而见干咳无痰，或痰少黄黏，甚则胸痛;燥热之邪损伤肺络，则痰中带血丝。燥热之邪伤律，故见鼻燥、咽干或痛、舌干少津;燥热之邪客于肌表，卫气不固而见形寒、身热等表证:痰温蕴肺咳嗽，是痰湿壅盛,咳由痰致，故有痰出即咳止的特点。*③肝火犯肺咳嗽:多因郁怒伤肝，肝失疏泄，肝盛侮肺,肺气上逆而致。其症状特点为肝气郁结之表现(如胸胁憋闷或痛，情志抑郁，烦躁易怒等)与肺气上逆之症状(咳嗽气逆或咳而喘促等)，以及气郁痰结之表现(痰出不爽，或痰如梅核、败絮等)互见。*④肺气虚咳嗽与肺阴虚咳嗽:皆为虚证咳嗽,肺气虚咳嗽，多由素体阳气不足,肺气虚弱，或寒饮内停,损伤肺气，致肺的宣发肃降功能失职，遂成咳嗽。而肺阴虚咳嗽,多因素体阴虚火旺，或痰热内阻，或热病之后肺阴亏耗，气失清肃而咳嗽。其辨证特点，肺气虚弱必有肺之功能减弱的表现(如声低弱，气短，面色白等;肺合皮毛，宣发无力，则卫外不固，故自汗畏风，易患感冒等)。肺阴虚咳嗽，则因肺失濡润，而肺气上逆，故干咳少痰，咳声嘶哑,口燥咽干;阴虚火旺，则兼见午后潮热,盗汗，五心烦热等，且易动阴血，肺络伤而咳痰带血丝。*⑤肾气虚咳嗽:多因素体阳虚或年老体弱，咳久不止，久病伤于肾所致。肾主骨、藏精而纳气，肾气虚则纳气无力，故多咳而兼喘，或常先喘而引起咳嗽，呼吸困难，甚则感觉气自脐下逆奔而上，劳累后则诸症加重;肾主水，肾气虚则水湿上泛为痰，而痰有咸味，肾司二便，肾气不固，故咳甚则遗溺。咳嗽一症， 首先应辨别其为外感咳嗽还是内伤咳嗽。一般说来， 外感咳嗽多有明显的致病原因，起病较急，病程较短，其特点为必兼表证，多属实证。内伤咳嗽常无明显诱因，起病缓慢，病程较长，特别是肺阴虚和肾阳虚咳嗽，常久而不愈，或反复发作，此以虚证为多。咳嗽之辨证，要抓住咳与痰的特点，如咳嗽白天甚者常为热、为燥;夜间甚者多为肾虚、脾虚或痰湿，辨痰方面，痰清稀者属寒属湿，黏稠者属热属燥，痰色白属风、寒、湿，色黄属热;痰多者属痰湿、脾肾虚，痰少者多为风寒束表或阴虚等。燥咳痰少难出，甚至无痰。', '#XwImages/jbImg/jb1.jpg', '#XwImages/jbImg/jb1.jpg;XwImages/jbImg/jb2.jpg;XwImages/jbImg/jb3.jpg;XwImages/jbImg/jb4.jpg;XwImages/jbImg/jb5.jpg;', '#咳嗽;感冒;肺炎;头疼;牙疼;', '#images/bofang.png#');
INSERT INTO `jb` VALUES (2, '#咳嗽', '#kesou', '#咳嗽是指肺气上逆引起的一种症状，以咳嗽，咯痰为主要表现。其中有声无痰为咳，有痰无声为嗽，本症的病因有外感、内伤两大类。外感咳嗽为六淫外邪浸袭肺系。内伤咳嗽为脏腑功能失调。病因病机为肺气不清，失于宣降。本症常见于现代医学的呼吸道感染，急、慢性气管炎，支气管扩张、肺炎、肺结核等以咳嗽为主要临床表现的肺系疾病。', '#①风寒束表:咳嗽，痰稀色白，咽痒声重，鼻塞流清涕，头痛发热，恶寒或恶风，关节痠痛，舌苔薄白，脉浮紧或浮缓。*②风热袭肺:咳嗽不爽,痰黄或黄白而稠，头痛鼻塞，口干咽痛，身热恶风有汗，或微恶风寒，舌苔薄黄，脉浮数。*③燥邪伤肺:咳嗽,痰少黏稠,难于咳出,或痰中带血丝，或干咳无痰，鼻燥咽干或咽喉痒痛，咳甚则胸痛形寒身热，舌尖红，苔黄，脉浮数或细数。*④痰湿蕴肺:咳嗽,痰多色白,痰出咳止，伴胸脘胀闷,饮食减少，或有恶心呕吐，或见面肿，舌苔白腻，脉濡滑。*⑤肝火犯肺:咳嗽气逆，痰出不爽，或如梅核，或如败絮难于咳出，咽干，咳时面红并引及胁痛，烦躁易怒，舌边尖红，苔薄黄而干，脉弦数。*⑥肺气虚:咳嗽气短,痰清稀薄,面色咣白，动则汗出,易感外邪，舌质淡嫩，苔薄白，脉虚无力。*⑦肺阴虚:久咳不止，痰少而黏，或痰中带血丝,形体消瘦，口燥咽干，或咳声嘶哑。若阴虚火旺者,可伴见潮热盗汗，少气，胸部隐痛，舌质红，少苔，脉细数。*⑧肾气虚:咳嗽,痰清稀呈泡沫状，咳甚则遗溺,气短,劳累则加重，面白微肿，或肢体浮肿，腰痠恶寒，苔白质淡，脉沉细。', '#①风寒束表咳嗽与风热袭肺咳嗽:二证皆由感受外邪所致，故均有表证。风寒咳嗽，因风寒之邪束表犯肺,肺气失宣而见咳嗽,肺气不宣则津液失布故见痰稀色白,鼻流清涕，风寒外束，揍理闭塞，则见头痛发热，恶风寒等。风热袭肺咳嗽为风热邪气犯肺，肺失清肃,热灼津液，故见咳而不爽,痰稠而黄，口渴咽痛;风热上扰清窍，则头部气血逆乱而发为头痛;正邪交争，功能亢奋,故见体温升高而发热,邪气袭表，卫外功能失调则恶风，风热之邪主升发、疏泄,使腠理开泄而见汗出，此二证当以咳嗽的特点，痰的性状，以及所兼表证不同，为其鉴别要点。若表邪入里化热,转为肺热咳嗽,临证均当鉴别。风热袭肺咳嗽亦见表解或未解而肺热已炽之变。*②燥邪伤肺咳嗽与痰湿阻肺咳嗽:二证均为感受外邪所致,故也可均见表证。但其发病有季节性。因感邪的性质不同，临床表现也不同，此可与风寒束表，风热袭肺二型相鉴别。燥邪伤肺咳嗽(此指温燥而言。凉燥谓秋凉之气，治从风寒束表咳嗽)，常见于气候干燥之秋季，或过食辛燥食物所致。燥热之邪，耗伤津液，肺失濡润，气机不利，而见干咳无痰，或痰少黄黏，甚则胸痛;燥热之邪损伤肺络，则痰中带血丝。燥热之邪伤律，故见鼻燥、咽干或痛、舌干少津;燥热之邪客于肌表，卫气不固而见形寒、身热等表证:痰温蕴肺咳嗽，是痰湿壅盛,咳由痰致，故有痰出即咳止的特点。*③肝火犯肺咳嗽:多因郁怒伤肝，肝失疏泄，肝盛侮肺,肺气上逆而致。其症状特点为肝气郁结之表现(如胸胁憋闷或痛，情志抑郁，烦躁易怒等)与肺气上逆之症状(咳嗽气逆或咳而喘促等)，以及气郁痰结之表现(痰出不爽，或痰如梅核、败絮等)互见。*④肺气虚咳嗽与肺阴虚咳嗽:皆为虚证咳嗽,肺气虚咳嗽，多由素体阳气不足,肺气虚弱，或寒饮内停,损伤肺气，致肺的宣发肃降功能失职，遂成咳嗽。而肺阴虚咳嗽,多因素体阴虚火旺，或痰热内阻，或热病之后肺阴亏耗，气失清肃而咳嗽。其辨证特点，肺气虚弱必有肺之功能减弱的表现(如声低弱，气短，面色白等;肺合皮毛，宣发无力，则卫外不固，故自汗畏风，易患感冒等)。肺阴虚咳嗽，则因肺失濡润，而肺气上逆，故干咳少痰，咳声嘶哑,口燥咽干;阴虚火旺，则兼见午后潮热,盗汗，五心烦热等，且易动阴血，肺络伤而咳痰带血丝。*⑤肾气虚咳嗽:多因素体阳虚或年老体弱，咳久不止，久病伤于肾所致。肾主骨、藏精而纳气，肾气虚则纳气无力，故多咳而兼喘，或常先喘而引起咳嗽，呼吸困难，甚则感觉气自脐下逆奔而上，劳累后则诸症加重;肾主水，肾气虚则水湿上泛为痰，而痰有咸味，肾司二便，肾气不固，故咳甚则遗溺。咳嗽一症， 首先应辨别其为外感咳嗽还是内伤咳嗽。一般说来， 外感咳嗽多有明显的致病原因，起病较急，病程较短，其特点为必兼表证，多属实证。内伤咳嗽常无明显诱因，起病缓慢，病程较长，特别是肺阴虚和肾阳虚咳嗽，常久而不愈，或反复发作，此以虚证为多。咳嗽之辨证，要抓住咳与痰的特点，如咳嗽白天甚者常为热、为燥;夜间甚者多为肾虚、脾虚或痰湿，辨痰方面，痰清稀者属寒属湿，黏稠者属热属燥，痰色白属风、寒、湿，色黄属热;痰多者属痰湿、脾肾虚，痰少者多为风寒束表或阴虚等。燥咳痰少难出，甚至无痰。', '#XwImages/jbImg/jb1.jpg', '#XwImages/jbImg/jb1.jpg;XwImages/jbImg/jb2.jpg;XwImages/jbImg/jb3.jpg;XwImages/jbImg/jb4.jpg;XwImages/jbImg/jb5.jpg;', '#咳嗽;感冒;肺炎;头疼;牙疼;', '#images/bofang.png#');
INSERT INTO `jb` VALUES (3, '#咳嗽', '#kesou', '#咳嗽是指肺气上逆引起的一种症状，以咳嗽，咯痰为主要表现。其中有声无痰为咳，有痰无声为嗽，本症的病因有外感、内伤两大类。外感咳嗽为六淫外邪浸袭肺系。内伤咳嗽为脏腑功能失调。病因病机为肺气不清，失于宣降。本症常见于现代医学的呼吸道感染，急、慢性气管炎，支气管扩张、肺炎、肺结核等以咳嗽为主要临床表现的肺系疾病。', '#①风寒束表:咳嗽，痰稀色白，咽痒声重，鼻塞流清涕，头痛发热，恶寒或恶风，关节痠痛，舌苔薄白，脉浮紧或浮缓。*②风热袭肺:咳嗽不爽,痰黄或黄白而稠，头痛鼻塞，口干咽痛，身热恶风有汗，或微恶风寒，舌苔薄黄，脉浮数。*③燥邪伤肺:咳嗽,痰少黏稠,难于咳出,或痰中带血丝，或干咳无痰，鼻燥咽干或咽喉痒痛，咳甚则胸痛形寒身热，舌尖红，苔黄，脉浮数或细数。*④痰湿蕴肺:咳嗽,痰多色白,痰出咳止，伴胸脘胀闷,饮食减少，或有恶心呕吐，或见面肿，舌苔白腻，脉濡滑。*⑤肝火犯肺:咳嗽气逆，痰出不爽，或如梅核，或如败絮难于咳出，咽干，咳时面红并引及胁痛，烦躁易怒，舌边尖红，苔薄黄而干，脉弦数。*⑥肺气虚:咳嗽气短,痰清稀薄,面色咣白，动则汗出,易感外邪，舌质淡嫩，苔薄白，脉虚无力。*⑦肺阴虚:久咳不止，痰少而黏，或痰中带血丝,形体消瘦，口燥咽干，或咳声嘶哑。若阴虚火旺者,可伴见潮热盗汗，少气，胸部隐痛，舌质红，少苔，脉细数。*⑧肾气虚:咳嗽,痰清稀呈泡沫状，咳甚则遗溺,气短,劳累则加重，面白微肿，或肢体浮肿，腰痠恶寒，苔白质淡，脉沉细。', '#①风寒束表咳嗽与风热袭肺咳嗽:二证皆由感受外邪所致，故均有表证。风寒咳嗽，因风寒之邪束表犯肺,肺气失宣而见咳嗽,肺气不宣则津液失布故见痰稀色白,鼻流清涕，风寒外束，揍理闭塞，则见头痛发热，恶风寒等。风热袭肺咳嗽为风热邪气犯肺，肺失清肃,热灼津液，故见咳而不爽,痰稠而黄，口渴咽痛;风热上扰清窍，则头部气血逆乱而发为头痛;正邪交争，功能亢奋,故见体温升高而发热,邪气袭表，卫外功能失调则恶风，风热之邪主升发、疏泄,使腠理开泄而见汗出，此二证当以咳嗽的特点，痰的性状，以及所兼表证不同，为其鉴别要点。若表邪入里化热,转为肺热咳嗽,临证均当鉴别。风热袭肺咳嗽亦见表解或未解而肺热已炽之变。*②燥邪伤肺咳嗽与痰湿阻肺咳嗽:二证均为感受外邪所致,故也可均见表证。但其发病有季节性。因感邪的性质不同，临床表现也不同，此可与风寒束表，风热袭肺二型相鉴别。燥邪伤肺咳嗽(此指温燥而言。凉燥谓秋凉之气，治从风寒束表咳嗽)，常见于气候干燥之秋季，或过食辛燥食物所致。燥热之邪，耗伤津液，肺失濡润，气机不利，而见干咳无痰，或痰少黄黏，甚则胸痛;燥热之邪损伤肺络，则痰中带血丝。燥热之邪伤律，故见鼻燥、咽干或痛、舌干少津;燥热之邪客于肌表，卫气不固而见形寒、身热等表证:痰温蕴肺咳嗽，是痰湿壅盛,咳由痰致，故有痰出即咳止的特点。*③肝火犯肺咳嗽:多因郁怒伤肝，肝失疏泄，肝盛侮肺,肺气上逆而致。其症状特点为肝气郁结之表现(如胸胁憋闷或痛，情志抑郁，烦躁易怒等)与肺气上逆之症状(咳嗽气逆或咳而喘促等)，以及气郁痰结之表现(痰出不爽，或痰如梅核、败絮等)互见。*④肺气虚咳嗽与肺阴虚咳嗽:皆为虚证咳嗽,肺气虚咳嗽，多由素体阳气不足,肺气虚弱，或寒饮内停,损伤肺气，致肺的宣发肃降功能失职，遂成咳嗽。而肺阴虚咳嗽,多因素体阴虚火旺，或痰热内阻，或热病之后肺阴亏耗，气失清肃而咳嗽。其辨证特点，肺气虚弱必有肺之功能减弱的表现(如声低弱，气短，面色白等;肺合皮毛，宣发无力，则卫外不固，故自汗畏风，易患感冒等)。肺阴虚咳嗽，则因肺失濡润，而肺气上逆，故干咳少痰，咳声嘶哑,口燥咽干;阴虚火旺，则兼见午后潮热,盗汗，五心烦热等，且易动阴血，肺络伤而咳痰带血丝。*⑤肾气虚咳嗽:多因素体阳虚或年老体弱，咳久不止，久病伤于肾所致。肾主骨、藏精而纳气，肾气虚则纳气无力，故多咳而兼喘，或常先喘而引起咳嗽，呼吸困难，甚则感觉气自脐下逆奔而上，劳累后则诸症加重;肾主水，肾气虚则水湿上泛为痰，而痰有咸味，肾司二便，肾气不固，故咳甚则遗溺。咳嗽一症， 首先应辨别其为外感咳嗽还是内伤咳嗽。一般说来， 外感咳嗽多有明显的致病原因，起病较急，病程较短，其特点为必兼表证，多属实证。内伤咳嗽常无明显诱因，起病缓慢，病程较长，特别是肺阴虚和肾阳虚咳嗽，常久而不愈，或反复发作，此以虚证为多。咳嗽之辨证，要抓住咳与痰的特点，如咳嗽白天甚者常为热、为燥;夜间甚者多为肾虚、脾虚或痰湿，辨痰方面，痰清稀者属寒属湿，黏稠者属热属燥，痰色白属风、寒、湿，色黄属热;痰多者属痰湿、脾肾虚，痰少者多为风寒束表或阴虚等。燥咳痰少难出，甚至无痰。', '#XwImages/jbImg/jb1.jpg', '#XwImages/jbImg/jb1.jpg;XwImages/jbImg/jb2.jpg;XwImages/jbImg/jb3.jpg;XwImages/jbImg/jb4.jpg;XwImages/jbImg/jb5.jpg;', '#咳嗽;感冒;肺炎;头疼;牙疼;', '#images/bofang.png#');
INSERT INTO `jb` VALUES (4, '#咳嗽', '#kesou', '#咳嗽是指肺气上逆引起的一种症状，以咳嗽，咯痰为主要表现。其中有声无痰为咳，有痰无声为嗽，本症的病因有外感、内伤两大类。外感咳嗽为六淫外邪浸袭肺系。内伤咳嗽为脏腑功能失调。病因病机为肺气不清，失于宣降。本症常见于现代医学的呼吸道感染，急、慢性气管炎，支气管扩张、肺炎、肺结核等以咳嗽为主要临床表现的肺系疾病。', '#①风寒束表:咳嗽，痰稀色白，咽痒声重，鼻塞流清涕，头痛发热，恶寒或恶风，关节痠痛，舌苔薄白，脉浮紧或浮缓。*②风热袭肺:咳嗽不爽,痰黄或黄白而稠，头痛鼻塞，口干咽痛，身热恶风有汗，或微恶风寒，舌苔薄黄，脉浮数。*③燥邪伤肺:咳嗽,痰少黏稠,难于咳出,或痰中带血丝，或干咳无痰，鼻燥咽干或咽喉痒痛，咳甚则胸痛形寒身热，舌尖红，苔黄，脉浮数或细数。*④痰湿蕴肺:咳嗽,痰多色白,痰出咳止，伴胸脘胀闷,饮食减少，或有恶心呕吐，或见面肿，舌苔白腻，脉濡滑。*⑤肝火犯肺:咳嗽气逆，痰出不爽，或如梅核，或如败絮难于咳出，咽干，咳时面红并引及胁痛，烦躁易怒，舌边尖红，苔薄黄而干，脉弦数。*⑥肺气虚:咳嗽气短,痰清稀薄,面色咣白，动则汗出,易感外邪，舌质淡嫩，苔薄白，脉虚无力。*⑦肺阴虚:久咳不止，痰少而黏，或痰中带血丝,形体消瘦，口燥咽干，或咳声嘶哑。若阴虚火旺者,可伴见潮热盗汗，少气，胸部隐痛，舌质红，少苔，脉细数。*⑧肾气虚:咳嗽,痰清稀呈泡沫状，咳甚则遗溺,气短,劳累则加重，面白微肿，或肢体浮肿，腰痠恶寒，苔白质淡，脉沉细。', '#①风寒束表咳嗽与风热袭肺咳嗽:二证皆由感受外邪所致，故均有表证。风寒咳嗽，因风寒之邪束表犯肺,肺气失宣而见咳嗽,肺气不宣则津液失布故见痰稀色白,鼻流清涕，风寒外束，揍理闭塞，则见头痛发热，恶风寒等。风热袭肺咳嗽为风热邪气犯肺，肺失清肃,热灼津液，故见咳而不爽,痰稠而黄，口渴咽痛;风热上扰清窍，则头部气血逆乱而发为头痛;正邪交争，功能亢奋,故见体温升高而发热,邪气袭表，卫外功能失调则恶风，风热之邪主升发、疏泄,使腠理开泄而见汗出，此二证当以咳嗽的特点，痰的性状，以及所兼表证不同，为其鉴别要点。若表邪入里化热,转为肺热咳嗽,临证均当鉴别。风热袭肺咳嗽亦见表解或未解而肺热已炽之变。*②燥邪伤肺咳嗽与痰湿阻肺咳嗽:二证均为感受外邪所致,故也可均见表证。但其发病有季节性。因感邪的性质不同，临床表现也不同，此可与风寒束表，风热袭肺二型相鉴别。燥邪伤肺咳嗽(此指温燥而言。凉燥谓秋凉之气，治从风寒束表咳嗽)，常见于气候干燥之秋季，或过食辛燥食物所致。燥热之邪，耗伤津液，肺失濡润，气机不利，而见干咳无痰，或痰少黄黏，甚则胸痛;燥热之邪损伤肺络，则痰中带血丝。燥热之邪伤律，故见鼻燥、咽干或痛、舌干少津;燥热之邪客于肌表，卫气不固而见形寒、身热等表证:痰温蕴肺咳嗽，是痰湿壅盛,咳由痰致，故有痰出即咳止的特点。*③肝火犯肺咳嗽:多因郁怒伤肝，肝失疏泄，肝盛侮肺,肺气上逆而致。其症状特点为肝气郁结之表现(如胸胁憋闷或痛，情志抑郁，烦躁易怒等)与肺气上逆之症状(咳嗽气逆或咳而喘促等)，以及气郁痰结之表现(痰出不爽，或痰如梅核、败絮等)互见。*④肺气虚咳嗽与肺阴虚咳嗽:皆为虚证咳嗽,肺气虚咳嗽，多由素体阳气不足,肺气虚弱，或寒饮内停,损伤肺气，致肺的宣发肃降功能失职，遂成咳嗽。而肺阴虚咳嗽,多因素体阴虚火旺，或痰热内阻，或热病之后肺阴亏耗，气失清肃而咳嗽。其辨证特点，肺气虚弱必有肺之功能减弱的表现(如声低弱，气短，面色白等;肺合皮毛，宣发无力，则卫外不固，故自汗畏风，易患感冒等)。肺阴虚咳嗽，则因肺失濡润，而肺气上逆，故干咳少痰，咳声嘶哑,口燥咽干;阴虚火旺，则兼见午后潮热,盗汗，五心烦热等，且易动阴血，肺络伤而咳痰带血丝。*⑤肾气虚咳嗽:多因素体阳虚或年老体弱，咳久不止，久病伤于肾所致。肾主骨、藏精而纳气，肾气虚则纳气无力，故多咳而兼喘，或常先喘而引起咳嗽，呼吸困难，甚则感觉气自脐下逆奔而上，劳累后则诸症加重;肾主水，肾气虚则水湿上泛为痰，而痰有咸味，肾司二便，肾气不固，故咳甚则遗溺。咳嗽一症， 首先应辨别其为外感咳嗽还是内伤咳嗽。一般说来， 外感咳嗽多有明显的致病原因，起病较急，病程较短，其特点为必兼表证，多属实证。内伤咳嗽常无明显诱因，起病缓慢，病程较长，特别是肺阴虚和肾阳虚咳嗽，常久而不愈，或反复发作，此以虚证为多。咳嗽之辨证，要抓住咳与痰的特点，如咳嗽白天甚者常为热、为燥;夜间甚者多为肾虚、脾虚或痰湿，辨痰方面，痰清稀者属寒属湿，黏稠者属热属燥，痰色白属风、寒、湿，色黄属热;痰多者属痰湿、脾肾虚，痰少者多为风寒束表或阴虚等。燥咳痰少难出，甚至无痰。', '#XwImages/jbImg/jb1.jpg', '#XwImages/jbImg/jb1.jpg;XwImages/jbImg/jb2.jpg;XwImages/jbImg/jb3.jpg;XwImages/jbImg/jb4.jpg;XwImages/jbImg/jb5.jpg;', '#咳嗽;感冒;肺炎;头疼;牙疼;', '#images/bofang.png#');
INSERT INTO `jb` VALUES (5, '#咳嗽', '#kesou', '#咳嗽是指肺气上逆引起的一种症状，以咳嗽，咯痰为主要表现。其中有声无痰为咳，有痰无声为嗽，本症的病因有外感、内伤两大类。外感咳嗽为六淫外邪浸袭肺系。内伤咳嗽为脏腑功能失调。病因病机为肺气不清，失于宣降。本症常见于现代医学的呼吸道感染，急、慢性气管炎，支气管扩张、肺炎、肺结核等以咳嗽为主要临床表现的肺系疾病。', '#①风寒束表:咳嗽，痰稀色白，咽痒声重，鼻塞流清涕，头痛发热，恶寒或恶风，关节痠痛，舌苔薄白，脉浮紧或浮缓。*②风热袭肺:咳嗽不爽,痰黄或黄白而稠，头痛鼻塞，口干咽痛，身热恶风有汗，或微恶风寒，舌苔薄黄，脉浮数。*③燥邪伤肺:咳嗽,痰少黏稠,难于咳出,或痰中带血丝，或干咳无痰，鼻燥咽干或咽喉痒痛，咳甚则胸痛形寒身热，舌尖红，苔黄，脉浮数或细数。*④痰湿蕴肺:咳嗽,痰多色白,痰出咳止，伴胸脘胀闷,饮食减少，或有恶心呕吐，或见面肿，舌苔白腻，脉濡滑。*⑤肝火犯肺:咳嗽气逆，痰出不爽，或如梅核，或如败絮难于咳出，咽干，咳时面红并引及胁痛，烦躁易怒，舌边尖红，苔薄黄而干，脉弦数。*⑥肺气虚:咳嗽气短,痰清稀薄,面色咣白，动则汗出,易感外邪，舌质淡嫩，苔薄白，脉虚无力。*⑦肺阴虚:久咳不止，痰少而黏，或痰中带血丝,形体消瘦，口燥咽干，或咳声嘶哑。若阴虚火旺者,可伴见潮热盗汗，少气，胸部隐痛，舌质红，少苔，脉细数。*⑧肾气虚:咳嗽,痰清稀呈泡沫状，咳甚则遗溺,气短,劳累则加重，面白微肿，或肢体浮肿，腰痠恶寒，苔白质淡，脉沉细。', '#①风寒束表咳嗽与风热袭肺咳嗽:二证皆由感受外邪所致，故均有表证。风寒咳嗽，因风寒之邪束表犯肺,肺气失宣而见咳嗽,肺气不宣则津液失布故见痰稀色白,鼻流清涕，风寒外束，揍理闭塞，则见头痛发热，恶风寒等。风热袭肺咳嗽为风热邪气犯肺，肺失清肃,热灼津液，故见咳而不爽,痰稠而黄，口渴咽痛;风热上扰清窍，则头部气血逆乱而发为头痛;正邪交争，功能亢奋,故见体温升高而发热,邪气袭表，卫外功能失调则恶风，风热之邪主升发、疏泄,使腠理开泄而见汗出，此二证当以咳嗽的特点，痰的性状，以及所兼表证不同，为其鉴别要点。若表邪入里化热,转为肺热咳嗽,临证均当鉴别。风热袭肺咳嗽亦见表解或未解而肺热已炽之变。*②燥邪伤肺咳嗽与痰湿阻肺咳嗽:二证均为感受外邪所致,故也可均见表证。但其发病有季节性。因感邪的性质不同，临床表现也不同，此可与风寒束表，风热袭肺二型相鉴别。燥邪伤肺咳嗽(此指温燥而言。凉燥谓秋凉之气，治从风寒束表咳嗽)，常见于气候干燥之秋季，或过食辛燥食物所致。燥热之邪，耗伤津液，肺失濡润，气机不利，而见干咳无痰，或痰少黄黏，甚则胸痛;燥热之邪损伤肺络，则痰中带血丝。燥热之邪伤律，故见鼻燥、咽干或痛、舌干少津;燥热之邪客于肌表，卫气不固而见形寒、身热等表证:痰温蕴肺咳嗽，是痰湿壅盛,咳由痰致，故有痰出即咳止的特点。*③肝火犯肺咳嗽:多因郁怒伤肝，肝失疏泄，肝盛侮肺,肺气上逆而致。其症状特点为肝气郁结之表现(如胸胁憋闷或痛，情志抑郁，烦躁易怒等)与肺气上逆之症状(咳嗽气逆或咳而喘促等)，以及气郁痰结之表现(痰出不爽，或痰如梅核、败絮等)互见。*④肺气虚咳嗽与肺阴虚咳嗽:皆为虚证咳嗽,肺气虚咳嗽，多由素体阳气不足,肺气虚弱，或寒饮内停,损伤肺气，致肺的宣发肃降功能失职，遂成咳嗽。而肺阴虚咳嗽,多因素体阴虚火旺，或痰热内阻，或热病之后肺阴亏耗，气失清肃而咳嗽。其辨证特点，肺气虚弱必有肺之功能减弱的表现(如声低弱，气短，面色白等;肺合皮毛，宣发无力，则卫外不固，故自汗畏风，易患感冒等)。肺阴虚咳嗽，则因肺失濡润，而肺气上逆，故干咳少痰，咳声嘶哑,口燥咽干;阴虚火旺，则兼见午后潮热,盗汗，五心烦热等，且易动阴血，肺络伤而咳痰带血丝。*⑤肾气虚咳嗽:多因素体阳虚或年老体弱，咳久不止，久病伤于肾所致。肾主骨、藏精而纳气，肾气虚则纳气无力，故多咳而兼喘，或常先喘而引起咳嗽，呼吸困难，甚则感觉气自脐下逆奔而上，劳累后则诸症加重;肾主水，肾气虚则水湿上泛为痰，而痰有咸味，肾司二便，肾气不固，故咳甚则遗溺。咳嗽一症， 首先应辨别其为外感咳嗽还是内伤咳嗽。一般说来， 外感咳嗽多有明显的致病原因，起病较急，病程较短，其特点为必兼表证，多属实证。内伤咳嗽常无明显诱因，起病缓慢，病程较长，特别是肺阴虚和肾阳虚咳嗽，常久而不愈，或反复发作，此以虚证为多。咳嗽之辨证，要抓住咳与痰的特点，如咳嗽白天甚者常为热、为燥;夜间甚者多为肾虚、脾虚或痰湿，辨痰方面，痰清稀者属寒属湿，黏稠者属热属燥，痰色白属风、寒、湿，色黄属热;痰多者属痰湿、脾肾虚，痰少者多为风寒束表或阴虚等。燥咳痰少难出，甚至无痰。', '#XwImages/jbImg/jb1.jpg', '#XwImages/jbImg/jb1.jpg;XwImages/jbImg/jb2.jpg;XwImages/jbImg/jb3.jpg;XwImages/jbImg/jb4.jpg;XwImages/jbImg/jb5.jpg;', '#咳嗽;感冒;肺炎;头疼;牙疼;', '#images/bofang.png#');
INSERT INTO `jb` VALUES (6, '#咳嗽', '#kesou', '#咳嗽是指肺气上逆引起的一种症状，以咳嗽，咯痰为主要表现。其中有声无痰为咳，有痰无声为嗽，本症的病因有外感、内伤两大类。外感咳嗽为六淫外邪浸袭肺系。内伤咳嗽为脏腑功能失调。病因病机为肺气不清，失于宣降。本症常见于现代医学的呼吸道感染，急、慢性气管炎，支气管扩张、肺炎、肺结核等以咳嗽为主要临床表现的肺系疾病。', '#①风寒束表:咳嗽，痰稀色白，咽痒声重，鼻塞流清涕，头痛发热，恶寒或恶风，关节痠痛，舌苔薄白，脉浮紧或浮缓。*②风热袭肺:咳嗽不爽,痰黄或黄白而稠，头痛鼻塞，口干咽痛，身热恶风有汗，或微恶风寒，舌苔薄黄，脉浮数。*③燥邪伤肺:咳嗽,痰少黏稠,难于咳出,或痰中带血丝，或干咳无痰，鼻燥咽干或咽喉痒痛，咳甚则胸痛形寒身热，舌尖红，苔黄，脉浮数或细数。*④痰湿蕴肺:咳嗽,痰多色白,痰出咳止，伴胸脘胀闷,饮食减少，或有恶心呕吐，或见面肿，舌苔白腻，脉濡滑。*⑤肝火犯肺:咳嗽气逆，痰出不爽，或如梅核，或如败絮难于咳出，咽干，咳时面红并引及胁痛，烦躁易怒，舌边尖红，苔薄黄而干，脉弦数。*⑥肺气虚:咳嗽气短,痰清稀薄,面色咣白，动则汗出,易感外邪，舌质淡嫩，苔薄白，脉虚无力。*⑦肺阴虚:久咳不止，痰少而黏，或痰中带血丝,形体消瘦，口燥咽干，或咳声嘶哑。若阴虚火旺者,可伴见潮热盗汗，少气，胸部隐痛，舌质红，少苔，脉细数。*⑧肾气虚:咳嗽,痰清稀呈泡沫状，咳甚则遗溺,气短,劳累则加重，面白微肿，或肢体浮肿，腰痠恶寒，苔白质淡，脉沉细。', '#①风寒束表咳嗽与风热袭肺咳嗽:二证皆由感受外邪所致，故均有表证。风寒咳嗽，因风寒之邪束表犯肺,肺气失宣而见咳嗽,肺气不宣则津液失布故见痰稀色白,鼻流清涕，风寒外束，揍理闭塞，则见头痛发热，恶风寒等。风热袭肺咳嗽为风热邪气犯肺，肺失清肃,热灼津液，故见咳而不爽,痰稠而黄，口渴咽痛;风热上扰清窍，则头部气血逆乱而发为头痛;正邪交争，功能亢奋,故见体温升高而发热,邪气袭表，卫外功能失调则恶风，风热之邪主升发、疏泄,使腠理开泄而见汗出，此二证当以咳嗽的特点，痰的性状，以及所兼表证不同，为其鉴别要点。若表邪入里化热,转为肺热咳嗽,临证均当鉴别。风热袭肺咳嗽亦见表解或未解而肺热已炽之变。*②燥邪伤肺咳嗽与痰湿阻肺咳嗽:二证均为感受外邪所致,故也可均见表证。但其发病有季节性。因感邪的性质不同，临床表现也不同，此可与风寒束表，风热袭肺二型相鉴别。燥邪伤肺咳嗽(此指温燥而言。凉燥谓秋凉之气，治从风寒束表咳嗽)，常见于气候干燥之秋季，或过食辛燥食物所致。燥热之邪，耗伤津液，肺失濡润，气机不利，而见干咳无痰，或痰少黄黏，甚则胸痛;燥热之邪损伤肺络，则痰中带血丝。燥热之邪伤律，故见鼻燥、咽干或痛、舌干少津;燥热之邪客于肌表，卫气不固而见形寒、身热等表证:痰温蕴肺咳嗽，是痰湿壅盛,咳由痰致，故有痰出即咳止的特点。*③肝火犯肺咳嗽:多因郁怒伤肝，肝失疏泄，肝盛侮肺,肺气上逆而致。其症状特点为肝气郁结之表现(如胸胁憋闷或痛，情志抑郁，烦躁易怒等)与肺气上逆之症状(咳嗽气逆或咳而喘促等)，以及气郁痰结之表现(痰出不爽，或痰如梅核、败絮等)互见。*④肺气虚咳嗽与肺阴虚咳嗽:皆为虚证咳嗽,肺气虚咳嗽，多由素体阳气不足,肺气虚弱，或寒饮内停,损伤肺气，致肺的宣发肃降功能失职，遂成咳嗽。而肺阴虚咳嗽,多因素体阴虚火旺，或痰热内阻，或热病之后肺阴亏耗，气失清肃而咳嗽。其辨证特点，肺气虚弱必有肺之功能减弱的表现(如声低弱，气短，面色白等;肺合皮毛，宣发无力，则卫外不固，故自汗畏风，易患感冒等)。肺阴虚咳嗽，则因肺失濡润，而肺气上逆，故干咳少痰，咳声嘶哑,口燥咽干;阴虚火旺，则兼见午后潮热,盗汗，五心烦热等，且易动阴血，肺络伤而咳痰带血丝。*⑤肾气虚咳嗽:多因素体阳虚或年老体弱，咳久不止，久病伤于肾所致。肾主骨、藏精而纳气，肾气虚则纳气无力，故多咳而兼喘，或常先喘而引起咳嗽，呼吸困难，甚则感觉气自脐下逆奔而上，劳累后则诸症加重;肾主水，肾气虚则水湿上泛为痰，而痰有咸味，肾司二便，肾气不固，故咳甚则遗溺。咳嗽一症， 首先应辨别其为外感咳嗽还是内伤咳嗽。一般说来， 外感咳嗽多有明显的致病原因，起病较急，病程较短，其特点为必兼表证，多属实证。内伤咳嗽常无明显诱因，起病缓慢，病程较长，特别是肺阴虚和肾阳虚咳嗽，常久而不愈，或反复发作，此以虚证为多。咳嗽之辨证，要抓住咳与痰的特点，如咳嗽白天甚者常为热、为燥;夜间甚者多为肾虚、脾虚或痰湿，辨痰方面，痰清稀者属寒属湿，黏稠者属热属燥，痰色白属风、寒、湿，色黄属热;痰多者属痰湿、脾肾虚，痰少者多为风寒束表或阴虚等。燥咳痰少难出，甚至无痰。', '#XwImages/jbImg/jb1.jpg', '#XwImages/jbImg/jb1.jpg;XwImages/jbImg/jb2.jpg;XwImages/jbImg/jb3.jpg;XwImages/jbImg/jb4.jpg;XwImages/jbImg/jb5.jpg;', '#咳嗽;感冒;肺炎;头疼;牙疼;', '#images/bofang.png#');
INSERT INTO `jb` VALUES (7, '#咳嗽', '#kesou', '#咳嗽是指肺气上逆引起的一种症状，以咳嗽，咯痰为主要表现。其中有声无痰为咳，有痰无声为嗽，本症的病因有外感、内伤两大类。外感咳嗽为六淫外邪浸袭肺系。内伤咳嗽为脏腑功能失调。病因病机为肺气不清，失于宣降。本症常见于现代医学的呼吸道感染，急、慢性气管炎，支气管扩张、肺炎、肺结核等以咳嗽为主要临床表现的肺系疾病。', '#①风寒束表:咳嗽，痰稀色白，咽痒声重，鼻塞流清涕，头痛发热，恶寒或恶风，关节痠痛，舌苔薄白，脉浮紧或浮缓。*②风热袭肺:咳嗽不爽,痰黄或黄白而稠，头痛鼻塞，口干咽痛，身热恶风有汗，或微恶风寒，舌苔薄黄，脉浮数。*③燥邪伤肺:咳嗽,痰少黏稠,难于咳出,或痰中带血丝，或干咳无痰，鼻燥咽干或咽喉痒痛，咳甚则胸痛形寒身热，舌尖红，苔黄，脉浮数或细数。*④痰湿蕴肺:咳嗽,痰多色白,痰出咳止，伴胸脘胀闷,饮食减少，或有恶心呕吐，或见面肿，舌苔白腻，脉濡滑。*⑤肝火犯肺:咳嗽气逆，痰出不爽，或如梅核，或如败絮难于咳出，咽干，咳时面红并引及胁痛，烦躁易怒，舌边尖红，苔薄黄而干，脉弦数。*⑥肺气虚:咳嗽气短,痰清稀薄,面色咣白，动则汗出,易感外邪，舌质淡嫩，苔薄白，脉虚无力。*⑦肺阴虚:久咳不止，痰少而黏，或痰中带血丝,形体消瘦，口燥咽干，或咳声嘶哑。若阴虚火旺者,可伴见潮热盗汗，少气，胸部隐痛，舌质红，少苔，脉细数。*⑧肾气虚:咳嗽,痰清稀呈泡沫状，咳甚则遗溺,气短,劳累则加重，面白微肿，或肢体浮肿，腰痠恶寒，苔白质淡，脉沉细。', '#①风寒束表咳嗽与风热袭肺咳嗽:二证皆由感受外邪所致，故均有表证。风寒咳嗽，因风寒之邪束表犯肺,肺气失宣而见咳嗽,肺气不宣则津液失布故见痰稀色白,鼻流清涕，风寒外束，揍理闭塞，则见头痛发热，恶风寒等。风热袭肺咳嗽为风热邪气犯肺，肺失清肃,热灼津液，故见咳而不爽,痰稠而黄，口渴咽痛;风热上扰清窍，则头部气血逆乱而发为头痛;正邪交争，功能亢奋,故见体温升高而发热,邪气袭表，卫外功能失调则恶风，风热之邪主升发、疏泄,使腠理开泄而见汗出，此二证当以咳嗽的特点，痰的性状，以及所兼表证不同，为其鉴别要点。若表邪入里化热,转为肺热咳嗽,临证均当鉴别。风热袭肺咳嗽亦见表解或未解而肺热已炽之变。*②燥邪伤肺咳嗽与痰湿阻肺咳嗽:二证均为感受外邪所致,故也可均见表证。但其发病有季节性。因感邪的性质不同，临床表现也不同，此可与风寒束表，风热袭肺二型相鉴别。燥邪伤肺咳嗽(此指温燥而言。凉燥谓秋凉之气，治从风寒束表咳嗽)，常见于气候干燥之秋季，或过食辛燥食物所致。燥热之邪，耗伤津液，肺失濡润，气机不利，而见干咳无痰，或痰少黄黏，甚则胸痛;燥热之邪损伤肺络，则痰中带血丝。燥热之邪伤律，故见鼻燥、咽干或痛、舌干少津;燥热之邪客于肌表，卫气不固而见形寒、身热等表证:痰温蕴肺咳嗽，是痰湿壅盛,咳由痰致，故有痰出即咳止的特点。*③肝火犯肺咳嗽:多因郁怒伤肝，肝失疏泄，肝盛侮肺,肺气上逆而致。其症状特点为肝气郁结之表现(如胸胁憋闷或痛，情志抑郁，烦躁易怒等)与肺气上逆之症状(咳嗽气逆或咳而喘促等)，以及气郁痰结之表现(痰出不爽，或痰如梅核、败絮等)互见。*④肺气虚咳嗽与肺阴虚咳嗽:皆为虚证咳嗽,肺气虚咳嗽，多由素体阳气不足,肺气虚弱，或寒饮内停,损伤肺气，致肺的宣发肃降功能失职，遂成咳嗽。而肺阴虚咳嗽,多因素体阴虚火旺，或痰热内阻，或热病之后肺阴亏耗，气失清肃而咳嗽。其辨证特点，肺气虚弱必有肺之功能减弱的表现(如声低弱，气短，面色白等;肺合皮毛，宣发无力，则卫外不固，故自汗畏风，易患感冒等)。肺阴虚咳嗽，则因肺失濡润，而肺气上逆，故干咳少痰，咳声嘶哑,口燥咽干;阴虚火旺，则兼见午后潮热,盗汗，五心烦热等，且易动阴血，肺络伤而咳痰带血丝。*⑤肾气虚咳嗽:多因素体阳虚或年老体弱，咳久不止，久病伤于肾所致。肾主骨、藏精而纳气，肾气虚则纳气无力，故多咳而兼喘，或常先喘而引起咳嗽，呼吸困难，甚则感觉气自脐下逆奔而上，劳累后则诸症加重;肾主水，肾气虚则水湿上泛为痰，而痰有咸味，肾司二便，肾气不固，故咳甚则遗溺。咳嗽一症， 首先应辨别其为外感咳嗽还是内伤咳嗽。一般说来， 外感咳嗽多有明显的致病原因，起病较急，病程较短，其特点为必兼表证，多属实证。内伤咳嗽常无明显诱因，起病缓慢，病程较长，特别是肺阴虚和肾阳虚咳嗽，常久而不愈，或反复发作，此以虚证为多。咳嗽之辨证，要抓住咳与痰的特点，如咳嗽白天甚者常为热、为燥;夜间甚者多为肾虚、脾虚或痰湿，辨痰方面，痰清稀者属寒属湿，黏稠者属热属燥，痰色白属风、寒、湿，色黄属热;痰多者属痰湿、脾肾虚，痰少者多为风寒束表或阴虚等。燥咳痰少难出，甚至无痰。', '#XwImages/jbImg/jb1.jpg', '#XwImages/jbImg/jb1.jpg;XwImages/jbImg/jb2.jpg;XwImages/jbImg/jb3.jpg;XwImages/jbImg/jb4.jpg;XwImages/jbImg/jb5.jpg;', '#咳嗽;感冒;肺炎;头疼;牙疼;', '#images/bofang.png#');
INSERT INTO `jb` VALUES (8, '#咳嗽', '#kesou', '#咳嗽是指肺气上逆引起的一种症状，以咳嗽，咯痰为主要表现。其中有声无痰为咳，有痰无声为嗽，本症的病因有外感、内伤两大类。外感咳嗽为六淫外邪浸袭肺系。内伤咳嗽为脏腑功能失调。病因病机为肺气不清，失于宣降。本症常见于现代医学的呼吸道感染，急、慢性气管炎，支气管扩张、肺炎、肺结核等以咳嗽为主要临床表现的肺系疾病。', '#①风寒束表:咳嗽，痰稀色白，咽痒声重，鼻塞流清涕，头痛发热，恶寒或恶风，关节痠痛，舌苔薄白，脉浮紧或浮缓。*②风热袭肺:咳嗽不爽,痰黄或黄白而稠，头痛鼻塞，口干咽痛，身热恶风有汗，或微恶风寒，舌苔薄黄，脉浮数。*③燥邪伤肺:咳嗽,痰少黏稠,难于咳出,或痰中带血丝，或干咳无痰，鼻燥咽干或咽喉痒痛，咳甚则胸痛形寒身热，舌尖红，苔黄，脉浮数或细数。*④痰湿蕴肺:咳嗽,痰多色白,痰出咳止，伴胸脘胀闷,饮食减少，或有恶心呕吐，或见面肿，舌苔白腻，脉濡滑。*⑤肝火犯肺:咳嗽气逆，痰出不爽，或如梅核，或如败絮难于咳出，咽干，咳时面红并引及胁痛，烦躁易怒，舌边尖红，苔薄黄而干，脉弦数。*⑥肺气虚:咳嗽气短,痰清稀薄,面色咣白，动则汗出,易感外邪，舌质淡嫩，苔薄白，脉虚无力。*⑦肺阴虚:久咳不止，痰少而黏，或痰中带血丝,形体消瘦，口燥咽干，或咳声嘶哑。若阴虚火旺者,可伴见潮热盗汗，少气，胸部隐痛，舌质红，少苔，脉细数。*⑧肾气虚:咳嗽,痰清稀呈泡沫状，咳甚则遗溺,气短,劳累则加重，面白微肿，或肢体浮肿，腰痠恶寒，苔白质淡，脉沉细。', '#①风寒束表咳嗽与风热袭肺咳嗽:二证皆由感受外邪所致，故均有表证。风寒咳嗽，因风寒之邪束表犯肺,肺气失宣而见咳嗽,肺气不宣则津液失布故见痰稀色白,鼻流清涕，风寒外束，揍理闭塞，则见头痛发热，恶风寒等。风热袭肺咳嗽为风热邪气犯肺，肺失清肃,热灼津液，故见咳而不爽,痰稠而黄，口渴咽痛;风热上扰清窍，则头部气血逆乱而发为头痛;正邪交争，功能亢奋,故见体温升高而发热,邪气袭表，卫外功能失调则恶风，风热之邪主升发、疏泄,使腠理开泄而见汗出，此二证当以咳嗽的特点，痰的性状，以及所兼表证不同，为其鉴别要点。若表邪入里化热,转为肺热咳嗽,临证均当鉴别。风热袭肺咳嗽亦见表解或未解而肺热已炽之变。*②燥邪伤肺咳嗽与痰湿阻肺咳嗽:二证均为感受外邪所致,故也可均见表证。但其发病有季节性。因感邪的性质不同，临床表现也不同，此可与风寒束表，风热袭肺二型相鉴别。燥邪伤肺咳嗽(此指温燥而言。凉燥谓秋凉之气，治从风寒束表咳嗽)，常见于气候干燥之秋季，或过食辛燥食物所致。燥热之邪，耗伤津液，肺失濡润，气机不利，而见干咳无痰，或痰少黄黏，甚则胸痛;燥热之邪损伤肺络，则痰中带血丝。燥热之邪伤律，故见鼻燥、咽干或痛、舌干少津;燥热之邪客于肌表，卫气不固而见形寒、身热等表证:痰温蕴肺咳嗽，是痰湿壅盛,咳由痰致，故有痰出即咳止的特点。*③肝火犯肺咳嗽:多因郁怒伤肝，肝失疏泄，肝盛侮肺,肺气上逆而致。其症状特点为肝气郁结之表现(如胸胁憋闷或痛，情志抑郁，烦躁易怒等)与肺气上逆之症状(咳嗽气逆或咳而喘促等)，以及气郁痰结之表现(痰出不爽，或痰如梅核、败絮等)互见。*④肺气虚咳嗽与肺阴虚咳嗽:皆为虚证咳嗽,肺气虚咳嗽，多由素体阳气不足,肺气虚弱，或寒饮内停,损伤肺气，致肺的宣发肃降功能失职，遂成咳嗽。而肺阴虚咳嗽,多因素体阴虚火旺，或痰热内阻，或热病之后肺阴亏耗，气失清肃而咳嗽。其辨证特点，肺气虚弱必有肺之功能减弱的表现(如声低弱，气短，面色白等;肺合皮毛，宣发无力，则卫外不固，故自汗畏风，易患感冒等)。肺阴虚咳嗽，则因肺失濡润，而肺气上逆，故干咳少痰，咳声嘶哑,口燥咽干;阴虚火旺，则兼见午后潮热,盗汗，五心烦热等，且易动阴血，肺络伤而咳痰带血丝。*⑤肾气虚咳嗽:多因素体阳虚或年老体弱，咳久不止，久病伤于肾所致。肾主骨、藏精而纳气，肾气虚则纳气无力，故多咳而兼喘，或常先喘而引起咳嗽，呼吸困难，甚则感觉气自脐下逆奔而上，劳累后则诸症加重;肾主水，肾气虚则水湿上泛为痰，而痰有咸味，肾司二便，肾气不固，故咳甚则遗溺。咳嗽一症， 首先应辨别其为外感咳嗽还是内伤咳嗽。一般说来， 外感咳嗽多有明显的致病原因，起病较急，病程较短，其特点为必兼表证，多属实证。内伤咳嗽常无明显诱因，起病缓慢，病程较长，特别是肺阴虚和肾阳虚咳嗽，常久而不愈，或反复发作，此以虚证为多。咳嗽之辨证，要抓住咳与痰的特点，如咳嗽白天甚者常为热、为燥;夜间甚者多为肾虚、脾虚或痰湿，辨痰方面，痰清稀者属寒属湿，黏稠者属热属燥，痰色白属风、寒、湿，色黄属热;痰多者属痰湿、脾肾虚，痰少者多为风寒束表或阴虚等。燥咳痰少难出，甚至无痰。', '#XwImages/jbImg/jb1.jpg', '#XwImages/jbImg/jb1.jpg;XwImages/jbImg/jb2.jpg;XwImages/jbImg/jb3.jpg;XwImages/jbImg/jb4.jpg;XwImages/jbImg/jb5.jpg;', '#咳嗽;感冒;肺炎;头疼;牙疼;', '#images/bofang.png#');
INSERT INTO `jb` VALUES (9, '#咳嗽', '#kesou', '#咳嗽是指肺气上逆引起的一种症状，以咳嗽，咯痰为主要表现。其中有声无痰为咳，有痰无声为嗽，本症的病因有外感、内伤两大类。外感咳嗽为六淫外邪浸袭肺系。内伤咳嗽为脏腑功能失调。病因病机为肺气不清，失于宣降。本症常见于现代医学的呼吸道感染，急、慢性气管炎，支气管扩张、肺炎、肺结核等以咳嗽为主要临床表现的肺系疾病。', '#①风寒束表:咳嗽，痰稀色白，咽痒声重，鼻塞流清涕，头痛发热，恶寒或恶风，关节痠痛，舌苔薄白，脉浮紧或浮缓。*②风热袭肺:咳嗽不爽,痰黄或黄白而稠，头痛鼻塞，口干咽痛，身热恶风有汗，或微恶风寒，舌苔薄黄，脉浮数。*③燥邪伤肺:咳嗽,痰少黏稠,难于咳出,或痰中带血丝，或干咳无痰，鼻燥咽干或咽喉痒痛，咳甚则胸痛形寒身热，舌尖红，苔黄，脉浮数或细数。*④痰湿蕴肺:咳嗽,痰多色白,痰出咳止，伴胸脘胀闷,饮食减少，或有恶心呕吐，或见面肿，舌苔白腻，脉濡滑。*⑤肝火犯肺:咳嗽气逆，痰出不爽，或如梅核，或如败絮难于咳出，咽干，咳时面红并引及胁痛，烦躁易怒，舌边尖红，苔薄黄而干，脉弦数。*⑥肺气虚:咳嗽气短,痰清稀薄,面色咣白，动则汗出,易感外邪，舌质淡嫩，苔薄白，脉虚无力。*⑦肺阴虚:久咳不止，痰少而黏，或痰中带血丝,形体消瘦，口燥咽干，或咳声嘶哑。若阴虚火旺者,可伴见潮热盗汗，少气，胸部隐痛，舌质红，少苔，脉细数。*⑧肾气虚:咳嗽,痰清稀呈泡沫状，咳甚则遗溺,气短,劳累则加重，面白微肿，或肢体浮肿，腰痠恶寒，苔白质淡，脉沉细。', '#①风寒束表咳嗽与风热袭肺咳嗽:二证皆由感受外邪所致，故均有表证。风寒咳嗽，因风寒之邪束表犯肺,肺气失宣而见咳嗽,肺气不宣则津液失布故见痰稀色白,鼻流清涕，风寒外束，揍理闭塞，则见头痛发热，恶风寒等。风热袭肺咳嗽为风热邪气犯肺，肺失清肃,热灼津液，故见咳而不爽,痰稠而黄，口渴咽痛;风热上扰清窍，则头部气血逆乱而发为头痛;正邪交争，功能亢奋,故见体温升高而发热,邪气袭表，卫外功能失调则恶风，风热之邪主升发、疏泄,使腠理开泄而见汗出，此二证当以咳嗽的特点，痰的性状，以及所兼表证不同，为其鉴别要点。若表邪入里化热,转为肺热咳嗽,临证均当鉴别。风热袭肺咳嗽亦见表解或未解而肺热已炽之变。*②燥邪伤肺咳嗽与痰湿阻肺咳嗽:二证均为感受外邪所致,故也可均见表证。但其发病有季节性。因感邪的性质不同，临床表现也不同，此可与风寒束表，风热袭肺二型相鉴别。燥邪伤肺咳嗽(此指温燥而言。凉燥谓秋凉之气，治从风寒束表咳嗽)，常见于气候干燥之秋季，或过食辛燥食物所致。燥热之邪，耗伤津液，肺失濡润，气机不利，而见干咳无痰，或痰少黄黏，甚则胸痛;燥热之邪损伤肺络，则痰中带血丝。燥热之邪伤律，故见鼻燥、咽干或痛、舌干少津;燥热之邪客于肌表，卫气不固而见形寒、身热等表证:痰温蕴肺咳嗽，是痰湿壅盛,咳由痰致，故有痰出即咳止的特点。*③肝火犯肺咳嗽:多因郁怒伤肝，肝失疏泄，肝盛侮肺,肺气上逆而致。其症状特点为肝气郁结之表现(如胸胁憋闷或痛，情志抑郁，烦躁易怒等)与肺气上逆之症状(咳嗽气逆或咳而喘促等)，以及气郁痰结之表现(痰出不爽，或痰如梅核、败絮等)互见。*④肺气虚咳嗽与肺阴虚咳嗽:皆为虚证咳嗽,肺气虚咳嗽，多由素体阳气不足,肺气虚弱，或寒饮内停,损伤肺气，致肺的宣发肃降功能失职，遂成咳嗽。而肺阴虚咳嗽,多因素体阴虚火旺，或痰热内阻，或热病之后肺阴亏耗，气失清肃而咳嗽。其辨证特点，肺气虚弱必有肺之功能减弱的表现(如声低弱，气短，面色白等;肺合皮毛，宣发无力，则卫外不固，故自汗畏风，易患感冒等)。肺阴虚咳嗽，则因肺失濡润，而肺气上逆，故干咳少痰，咳声嘶哑,口燥咽干;阴虚火旺，则兼见午后潮热,盗汗，五心烦热等，且易动阴血，肺络伤而咳痰带血丝。*⑤肾气虚咳嗽:多因素体阳虚或年老体弱，咳久不止，久病伤于肾所致。肾主骨、藏精而纳气，肾气虚则纳气无力，故多咳而兼喘，或常先喘而引起咳嗽，呼吸困难，甚则感觉气自脐下逆奔而上，劳累后则诸症加重;肾主水，肾气虚则水湿上泛为痰，而痰有咸味，肾司二便，肾气不固，故咳甚则遗溺。咳嗽一症， 首先应辨别其为外感咳嗽还是内伤咳嗽。一般说来， 外感咳嗽多有明显的致病原因，起病较急，病程较短，其特点为必兼表证，多属实证。内伤咳嗽常无明显诱因，起病缓慢，病程较长，特别是肺阴虚和肾阳虚咳嗽，常久而不愈，或反复发作，此以虚证为多。咳嗽之辨证，要抓住咳与痰的特点，如咳嗽白天甚者常为热、为燥;夜间甚者多为肾虚、脾虚或痰湿，辨痰方面，痰清稀者属寒属湿，黏稠者属热属燥，痰色白属风、寒、湿，色黄属热;痰多者属痰湿、脾肾虚，痰少者多为风寒束表或阴虚等。燥咳痰少难出，甚至无痰。', '#XwImages/jbImg/jb1.jpg', '#XwImages/jbImg/jb1.jpg;XwImages/jbImg/jb2.jpg;XwImages/jbImg/jb3.jpg;XwImages/jbImg/jb4.jpg;XwImages/jbImg/jb5.jpg;', '#咳嗽;感冒;肺炎;头疼;牙疼;', '#images/bofang.png#');
INSERT INTO `jb` VALUES (10, '#咳嗽', '#kesou', '#咳嗽是指肺气上逆引起的一种症状，以咳嗽，咯痰为主要表现。其中有声无痰为咳，有痰无声为嗽，本症的病因有外感、内伤两大类。外感咳嗽为六淫外邪浸袭肺系。内伤咳嗽为脏腑功能失调。病因病机为肺气不清，失于宣降。本症常见于现代医学的呼吸道感染，急、慢性气管炎，支气管扩张、肺炎、肺结核等以咳嗽为主要临床表现的肺系疾病。', '#①风寒束表:咳嗽，痰稀色白，咽痒声重，鼻塞流清涕，头痛发热，恶寒或恶风，关节痠痛，舌苔薄白，脉浮紧或浮缓。*②风热袭肺:咳嗽不爽,痰黄或黄白而稠，头痛鼻塞，口干咽痛，身热恶风有汗，或微恶风寒，舌苔薄黄，脉浮数。*③燥邪伤肺:咳嗽,痰少黏稠,难于咳出,或痰中带血丝，或干咳无痰，鼻燥咽干或咽喉痒痛，咳甚则胸痛形寒身热，舌尖红，苔黄，脉浮数或细数。*④痰湿蕴肺:咳嗽,痰多色白,痰出咳止，伴胸脘胀闷,饮食减少，或有恶心呕吐，或见面肿，舌苔白腻，脉濡滑。*⑤肝火犯肺:咳嗽气逆，痰出不爽，或如梅核，或如败絮难于咳出，咽干，咳时面红并引及胁痛，烦躁易怒，舌边尖红，苔薄黄而干，脉弦数。*⑥肺气虚:咳嗽气短,痰清稀薄,面色咣白，动则汗出,易感外邪，舌质淡嫩，苔薄白，脉虚无力。*⑦肺阴虚:久咳不止，痰少而黏，或痰中带血丝,形体消瘦，口燥咽干，或咳声嘶哑。若阴虚火旺者,可伴见潮热盗汗，少气，胸部隐痛，舌质红，少苔，脉细数。*⑧肾气虚:咳嗽,痰清稀呈泡沫状，咳甚则遗溺,气短,劳累则加重，面白微肿，或肢体浮肿，腰痠恶寒，苔白质淡，脉沉细。', '#①风寒束表咳嗽与风热袭肺咳嗽:二证皆由感受外邪所致，故均有表证。风寒咳嗽，因风寒之邪束表犯肺,肺气失宣而见咳嗽,肺气不宣则津液失布故见痰稀色白,鼻流清涕，风寒外束，揍理闭塞，则见头痛发热，恶风寒等。风热袭肺咳嗽为风热邪气犯肺，肺失清肃,热灼津液，故见咳而不爽,痰稠而黄，口渴咽痛;风热上扰清窍，则头部气血逆乱而发为头痛;正邪交争，功能亢奋,故见体温升高而发热,邪气袭表，卫外功能失调则恶风，风热之邪主升发、疏泄,使腠理开泄而见汗出，此二证当以咳嗽的特点，痰的性状，以及所兼表证不同，为其鉴别要点。若表邪入里化热,转为肺热咳嗽,临证均当鉴别。风热袭肺咳嗽亦见表解或未解而肺热已炽之变。*②燥邪伤肺咳嗽与痰湿阻肺咳嗽:二证均为感受外邪所致,故也可均见表证。但其发病有季节性。因感邪的性质不同，临床表现也不同，此可与风寒束表，风热袭肺二型相鉴别。燥邪伤肺咳嗽(此指温燥而言。凉燥谓秋凉之气，治从风寒束表咳嗽)，常见于气候干燥之秋季，或过食辛燥食物所致。燥热之邪，耗伤津液，肺失濡润，气机不利，而见干咳无痰，或痰少黄黏，甚则胸痛;燥热之邪损伤肺络，则痰中带血丝。燥热之邪伤律，故见鼻燥、咽干或痛、舌干少津;燥热之邪客于肌表，卫气不固而见形寒、身热等表证:痰温蕴肺咳嗽，是痰湿壅盛,咳由痰致，故有痰出即咳止的特点。*③肝火犯肺咳嗽:多因郁怒伤肝，肝失疏泄，肝盛侮肺,肺气上逆而致。其症状特点为肝气郁结之表现(如胸胁憋闷或痛，情志抑郁，烦躁易怒等)与肺气上逆之症状(咳嗽气逆或咳而喘促等)，以及气郁痰结之表现(痰出不爽，或痰如梅核、败絮等)互见。*④肺气虚咳嗽与肺阴虚咳嗽:皆为虚证咳嗽,肺气虚咳嗽，多由素体阳气不足,肺气虚弱，或寒饮内停,损伤肺气，致肺的宣发肃降功能失职，遂成咳嗽。而肺阴虚咳嗽,多因素体阴虚火旺，或痰热内阻，或热病之后肺阴亏耗，气失清肃而咳嗽。其辨证特点，肺气虚弱必有肺之功能减弱的表现(如声低弱，气短，面色白等;肺合皮毛，宣发无力，则卫外不固，故自汗畏风，易患感冒等)。肺阴虚咳嗽，则因肺失濡润，而肺气上逆，故干咳少痰，咳声嘶哑,口燥咽干;阴虚火旺，则兼见午后潮热,盗汗，五心烦热等，且易动阴血，肺络伤而咳痰带血丝。*⑤肾气虚咳嗽:多因素体阳虚或年老体弱，咳久不止，久病伤于肾所致。肾主骨、藏精而纳气，肾气虚则纳气无力，故多咳而兼喘，或常先喘而引起咳嗽，呼吸困难，甚则感觉气自脐下逆奔而上，劳累后则诸症加重;肾主水，肾气虚则水湿上泛为痰，而痰有咸味，肾司二便，肾气不固，故咳甚则遗溺。咳嗽一症， 首先应辨别其为外感咳嗽还是内伤咳嗽。一般说来， 外感咳嗽多有明显的致病原因，起病较急，病程较短，其特点为必兼表证，多属实证。内伤咳嗽常无明显诱因，起病缓慢，病程较长，特别是肺阴虚和肾阳虚咳嗽，常久而不愈，或反复发作，此以虚证为多。咳嗽之辨证，要抓住咳与痰的特点，如咳嗽白天甚者常为热、为燥;夜间甚者多为肾虚、脾虚或痰湿，辨痰方面，痰清稀者属寒属湿，黏稠者属热属燥，痰色白属风、寒、湿，色黄属热;痰多者属痰湿、脾肾虚，痰少者多为风寒束表或阴虚等。燥咳痰少难出，甚至无痰。', '#XwImages/jbImg/jb1.jpg', '#XwImages/jbImg/jb1.jpg;XwImages/jbImg/jb2.jpg;XwImages/jbImg/jb3.jpg;XwImages/jbImg/jb4.jpg;XwImages/jbImg/jb5.jpg;', '#咳嗽;感冒;肺炎;头疼;牙疼;', '#images/bofang.png#');
INSERT INTO `jb` VALUES (11, '#咳嗽', '#kesou', '#咳嗽是指肺气上逆引起的一种症状，以咳嗽，咯痰为主要表现。其中有声无痰为咳，有痰无声为嗽，本症的病因有外感、内伤两大类。外感咳嗽为六淫外邪浸袭肺系。内伤咳嗽为脏腑功能失调。病因病机为肺气不清，失于宣降。本症常见于现代医学的呼吸道感染，急、慢性气管炎，支气管扩张、肺炎、肺结核等以咳嗽为主要临床表现的肺系疾病。', '#①风寒束表:咳嗽，痰稀色白，咽痒声重，鼻塞流清涕，头痛发热，恶寒或恶风，关节痠痛，舌苔薄白，脉浮紧或浮缓。*②风热袭肺:咳嗽不爽,痰黄或黄白而稠，头痛鼻塞，口干咽痛，身热恶风有汗，或微恶风寒，舌苔薄黄，脉浮数。*③燥邪伤肺:咳嗽,痰少黏稠,难于咳出,或痰中带血丝，或干咳无痰，鼻燥咽干或咽喉痒痛，咳甚则胸痛形寒身热，舌尖红，苔黄，脉浮数或细数。*④痰湿蕴肺:咳嗽,痰多色白,痰出咳止，伴胸脘胀闷,饮食减少，或有恶心呕吐，或见面肿，舌苔白腻，脉濡滑。*⑤肝火犯肺:咳嗽气逆，痰出不爽，或如梅核，或如败絮难于咳出，咽干，咳时面红并引及胁痛，烦躁易怒，舌边尖红，苔薄黄而干，脉弦数。*⑥肺气虚:咳嗽气短,痰清稀薄,面色咣白，动则汗出,易感外邪，舌质淡嫩，苔薄白，脉虚无力。*⑦肺阴虚:久咳不止，痰少而黏，或痰中带血丝,形体消瘦，口燥咽干，或咳声嘶哑。若阴虚火旺者,可伴见潮热盗汗，少气，胸部隐痛，舌质红，少苔，脉细数。*⑧肾气虚:咳嗽,痰清稀呈泡沫状，咳甚则遗溺,气短,劳累则加重，面白微肿，或肢体浮肿，腰痠恶寒，苔白质淡，脉沉细。', '#①风寒束表咳嗽与风热袭肺咳嗽:二证皆由感受外邪所致，故均有表证。风寒咳嗽，因风寒之邪束表犯肺,肺气失宣而见咳嗽,肺气不宣则津液失布故见痰稀色白,鼻流清涕，风寒外束，揍理闭塞，则见头痛发热，恶风寒等。风热袭肺咳嗽为风热邪气犯肺，肺失清肃,热灼津液，故见咳而不爽,痰稠而黄，口渴咽痛;风热上扰清窍，则头部气血逆乱而发为头痛;正邪交争，功能亢奋,故见体温升高而发热,邪气袭表，卫外功能失调则恶风，风热之邪主升发、疏泄,使腠理开泄而见汗出，此二证当以咳嗽的特点，痰的性状，以及所兼表证不同，为其鉴别要点。若表邪入里化热,转为肺热咳嗽,临证均当鉴别。风热袭肺咳嗽亦见表解或未解而肺热已炽之变。*②燥邪伤肺咳嗽与痰湿阻肺咳嗽:二证均为感受外邪所致,故也可均见表证。但其发病有季节性。因感邪的性质不同，临床表现也不同，此可与风寒束表，风热袭肺二型相鉴别。燥邪伤肺咳嗽(此指温燥而言。凉燥谓秋凉之气，治从风寒束表咳嗽)，常见于气候干燥之秋季，或过食辛燥食物所致。燥热之邪，耗伤津液，肺失濡润，气机不利，而见干咳无痰，或痰少黄黏，甚则胸痛;燥热之邪损伤肺络，则痰中带血丝。燥热之邪伤律，故见鼻燥、咽干或痛、舌干少津;燥热之邪客于肌表，卫气不固而见形寒、身热等表证:痰温蕴肺咳嗽，是痰湿壅盛,咳由痰致，故有痰出即咳止的特点。*③肝火犯肺咳嗽:多因郁怒伤肝，肝失疏泄，肝盛侮肺,肺气上逆而致。其症状特点为肝气郁结之表现(如胸胁憋闷或痛，情志抑郁，烦躁易怒等)与肺气上逆之症状(咳嗽气逆或咳而喘促等)，以及气郁痰结之表现(痰出不爽，或痰如梅核、败絮等)互见。*④肺气虚咳嗽与肺阴虚咳嗽:皆为虚证咳嗽,肺气虚咳嗽，多由素体阳气不足,肺气虚弱，或寒饮内停,损伤肺气，致肺的宣发肃降功能失职，遂成咳嗽。而肺阴虚咳嗽,多因素体阴虚火旺，或痰热内阻，或热病之后肺阴亏耗，气失清肃而咳嗽。其辨证特点，肺气虚弱必有肺之功能减弱的表现(如声低弱，气短，面色白等;肺合皮毛，宣发无力，则卫外不固，故自汗畏风，易患感冒等)。肺阴虚咳嗽，则因肺失濡润，而肺气上逆，故干咳少痰，咳声嘶哑,口燥咽干;阴虚火旺，则兼见午后潮热,盗汗，五心烦热等，且易动阴血，肺络伤而咳痰带血丝。*⑤肾气虚咳嗽:多因素体阳虚或年老体弱，咳久不止，久病伤于肾所致。肾主骨、藏精而纳气，肾气虚则纳气无力，故多咳而兼喘，或常先喘而引起咳嗽，呼吸困难，甚则感觉气自脐下逆奔而上，劳累后则诸症加重;肾主水，肾气虚则水湿上泛为痰，而痰有咸味，肾司二便，肾气不固，故咳甚则遗溺。咳嗽一症， 首先应辨别其为外感咳嗽还是内伤咳嗽。一般说来， 外感咳嗽多有明显的致病原因，起病较急，病程较短，其特点为必兼表证，多属实证。内伤咳嗽常无明显诱因，起病缓慢，病程较长，特别是肺阴虚和肾阳虚咳嗽，常久而不愈，或反复发作，此以虚证为多。咳嗽之辨证，要抓住咳与痰的特点，如咳嗽白天甚者常为热、为燥;夜间甚者多为肾虚、脾虚或痰湿，辨痰方面，痰清稀者属寒属湿，黏稠者属热属燥，痰色白属风、寒、湿，色黄属热;痰多者属痰湿、脾肾虚，痰少者多为风寒束表或阴虚等。燥咳痰少难出，甚至无痰。', '#XwImages/jbImg/jb1.jpg', '#XwImages/jbImg/jb1.jpg;XwImages/jbImg/jb2.jpg;XwImages/jbImg/jb3.jpg;XwImages/jbImg/jb4.jpg;XwImages/jbImg/jb5.jpg;', '#咳嗽;感冒;肺炎;头疼;牙疼;', '#images/bofang.png#');
INSERT INTO `jb` VALUES (12, '#咳嗽', '#kesou', '#咳嗽是指肺气上逆引起的一种症状，以咳嗽，咯痰为主要表现。其中有声无痰为咳，有痰无声为嗽，本症的病因有外感、内伤两大类。外感咳嗽为六淫外邪浸袭肺系。内伤咳嗽为脏腑功能失调。病因病机为肺气不清，失于宣降。本症常见于现代医学的呼吸道感染，急、慢性气管炎，支气管扩张、肺炎、肺结核等以咳嗽为主要临床表现的肺系疾病。', '#①风寒束表:咳嗽，痰稀色白，咽痒声重，鼻塞流清涕，头痛发热，恶寒或恶风，关节痠痛，舌苔薄白，脉浮紧或浮缓。*②风热袭肺:咳嗽不爽,痰黄或黄白而稠，头痛鼻塞，口干咽痛，身热恶风有汗，或微恶风寒，舌苔薄黄，脉浮数。*③燥邪伤肺:咳嗽,痰少黏稠,难于咳出,或痰中带血丝，或干咳无痰，鼻燥咽干或咽喉痒痛，咳甚则胸痛形寒身热，舌尖红，苔黄，脉浮数或细数。*④痰湿蕴肺:咳嗽,痰多色白,痰出咳止，伴胸脘胀闷,饮食减少，或有恶心呕吐，或见面肿，舌苔白腻，脉濡滑。*⑤肝火犯肺:咳嗽气逆，痰出不爽，或如梅核，或如败絮难于咳出，咽干，咳时面红并引及胁痛，烦躁易怒，舌边尖红，苔薄黄而干，脉弦数。*⑥肺气虚:咳嗽气短,痰清稀薄,面色咣白，动则汗出,易感外邪，舌质淡嫩，苔薄白，脉虚无力。*⑦肺阴虚:久咳不止，痰少而黏，或痰中带血丝,形体消瘦，口燥咽干，或咳声嘶哑。若阴虚火旺者,可伴见潮热盗汗，少气，胸部隐痛，舌质红，少苔，脉细数。*⑧肾气虚:咳嗽,痰清稀呈泡沫状，咳甚则遗溺,气短,劳累则加重，面白微肿，或肢体浮肿，腰痠恶寒，苔白质淡，脉沉细。', '#①风寒束表咳嗽与风热袭肺咳嗽:二证皆由感受外邪所致，故均有表证。风寒咳嗽，因风寒之邪束表犯肺,肺气失宣而见咳嗽,肺气不宣则津液失布故见痰稀色白,鼻流清涕，风寒外束，揍理闭塞，则见头痛发热，恶风寒等。风热袭肺咳嗽为风热邪气犯肺，肺失清肃,热灼津液，故见咳而不爽,痰稠而黄，口渴咽痛;风热上扰清窍，则头部气血逆乱而发为头痛;正邪交争，功能亢奋,故见体温升高而发热,邪气袭表，卫外功能失调则恶风，风热之邪主升发、疏泄,使腠理开泄而见汗出，此二证当以咳嗽的特点，痰的性状，以及所兼表证不同，为其鉴别要点。若表邪入里化热,转为肺热咳嗽,临证均当鉴别。风热袭肺咳嗽亦见表解或未解而肺热已炽之变。*②燥邪伤肺咳嗽与痰湿阻肺咳嗽:二证均为感受外邪所致,故也可均见表证。但其发病有季节性。因感邪的性质不同，临床表现也不同，此可与风寒束表，风热袭肺二型相鉴别。燥邪伤肺咳嗽(此指温燥而言。凉燥谓秋凉之气，治从风寒束表咳嗽)，常见于气候干燥之秋季，或过食辛燥食物所致。燥热之邪，耗伤津液，肺失濡润，气机不利，而见干咳无痰，或痰少黄黏，甚则胸痛;燥热之邪损伤肺络，则痰中带血丝。燥热之邪伤律，故见鼻燥、咽干或痛、舌干少津;燥热之邪客于肌表，卫气不固而见形寒、身热等表证:痰温蕴肺咳嗽，是痰湿壅盛,咳由痰致，故有痰出即咳止的特点。*③肝火犯肺咳嗽:多因郁怒伤肝，肝失疏泄，肝盛侮肺,肺气上逆而致。其症状特点为肝气郁结之表现(如胸胁憋闷或痛，情志抑郁，烦躁易怒等)与肺气上逆之症状(咳嗽气逆或咳而喘促等)，以及气郁痰结之表现(痰出不爽，或痰如梅核、败絮等)互见。*④肺气虚咳嗽与肺阴虚咳嗽:皆为虚证咳嗽,肺气虚咳嗽，多由素体阳气不足,肺气虚弱，或寒饮内停,损伤肺气，致肺的宣发肃降功能失职，遂成咳嗽。而肺阴虚咳嗽,多因素体阴虚火旺，或痰热内阻，或热病之后肺阴亏耗，气失清肃而咳嗽。其辨证特点，肺气虚弱必有肺之功能减弱的表现(如声低弱，气短，面色白等;肺合皮毛，宣发无力，则卫外不固，故自汗畏风，易患感冒等)。肺阴虚咳嗽，则因肺失濡润，而肺气上逆，故干咳少痰，咳声嘶哑,口燥咽干;阴虚火旺，则兼见午后潮热,盗汗，五心烦热等，且易动阴血，肺络伤而咳痰带血丝。*⑤肾气虚咳嗽:多因素体阳虚或年老体弱，咳久不止，久病伤于肾所致。肾主骨、藏精而纳气，肾气虚则纳气无力，故多咳而兼喘，或常先喘而引起咳嗽，呼吸困难，甚则感觉气自脐下逆奔而上，劳累后则诸症加重;肾主水，肾气虚则水湿上泛为痰，而痰有咸味，肾司二便，肾气不固，故咳甚则遗溺。咳嗽一症， 首先应辨别其为外感咳嗽还是内伤咳嗽。一般说来， 外感咳嗽多有明显的致病原因，起病较急，病程较短，其特点为必兼表证，多属实证。内伤咳嗽常无明显诱因，起病缓慢，病程较长，特别是肺阴虚和肾阳虚咳嗽，常久而不愈，或反复发作，此以虚证为多。咳嗽之辨证，要抓住咳与痰的特点，如咳嗽白天甚者常为热、为燥;夜间甚者多为肾虚、脾虚或痰湿，辨痰方面，痰清稀者属寒属湿，黏稠者属热属燥，痰色白属风、寒、湿，色黄属热;痰多者属痰湿、脾肾虚，痰少者多为风寒束表或阴虚等。燥咳痰少难出，甚至无痰。', '#XwImages/jbImg/jb1.jpg', '#XwImages/jbImg/jb1.jpg;XwImages/jbImg/jb2.jpg;XwImages/jbImg/jb3.jpg;XwImages/jbImg/jb4.jpg;XwImages/jbImg/jb5.jpg;', '#咳嗽;感冒;肺炎;头疼;牙疼;', '#images/bofang.png#');
INSERT INTO `jb` VALUES (13, '#咳嗽', '#kesou', '#咳嗽是指肺气上逆引起的一种症状，以咳嗽，咯痰为主要表现。其中有声无痰为咳，有痰无声为嗽，本症的病因有外感、内伤两大类。外感咳嗽为六淫外邪浸袭肺系。内伤咳嗽为脏腑功能失调。病因病机为肺气不清，失于宣降。本症常见于现代医学的呼吸道感染，急、慢性气管炎，支气管扩张、肺炎、肺结核等以咳嗽为主要临床表现的肺系疾病。', '#①风寒束表:咳嗽，痰稀色白，咽痒声重，鼻塞流清涕，头痛发热，恶寒或恶风，关节痠痛，舌苔薄白，脉浮紧或浮缓。*②风热袭肺:咳嗽不爽,痰黄或黄白而稠，头痛鼻塞，口干咽痛，身热恶风有汗，或微恶风寒，舌苔薄黄，脉浮数。*③燥邪伤肺:咳嗽,痰少黏稠,难于咳出,或痰中带血丝，或干咳无痰，鼻燥咽干或咽喉痒痛，咳甚则胸痛形寒身热，舌尖红，苔黄，脉浮数或细数。*④痰湿蕴肺:咳嗽,痰多色白,痰出咳止，伴胸脘胀闷,饮食减少，或有恶心呕吐，或见面肿，舌苔白腻，脉濡滑。*⑤肝火犯肺:咳嗽气逆，痰出不爽，或如梅核，或如败絮难于咳出，咽干，咳时面红并引及胁痛，烦躁易怒，舌边尖红，苔薄黄而干，脉弦数。*⑥肺气虚:咳嗽气短,痰清稀薄,面色咣白，动则汗出,易感外邪，舌质淡嫩，苔薄白，脉虚无力。*⑦肺阴虚:久咳不止，痰少而黏，或痰中带血丝,形体消瘦，口燥咽干，或咳声嘶哑。若阴虚火旺者,可伴见潮热盗汗，少气，胸部隐痛，舌质红，少苔，脉细数。*⑧肾气虚:咳嗽,痰清稀呈泡沫状，咳甚则遗溺,气短,劳累则加重，面白微肿，或肢体浮肿，腰痠恶寒，苔白质淡，脉沉细。', '#①风寒束表咳嗽与风热袭肺咳嗽:二证皆由感受外邪所致，故均有表证。风寒咳嗽，因风寒之邪束表犯肺,肺气失宣而见咳嗽,肺气不宣则津液失布故见痰稀色白,鼻流清涕，风寒外束，揍理闭塞，则见头痛发热，恶风寒等。风热袭肺咳嗽为风热邪气犯肺，肺失清肃,热灼津液，故见咳而不爽,痰稠而黄，口渴咽痛;风热上扰清窍，则头部气血逆乱而发为头痛;正邪交争，功能亢奋,故见体温升高而发热,邪气袭表，卫外功能失调则恶风，风热之邪主升发、疏泄,使腠理开泄而见汗出，此二证当以咳嗽的特点，痰的性状，以及所兼表证不同，为其鉴别要点。若表邪入里化热,转为肺热咳嗽,临证均当鉴别。风热袭肺咳嗽亦见表解或未解而肺热已炽之变。*②燥邪伤肺咳嗽与痰湿阻肺咳嗽:二证均为感受外邪所致,故也可均见表证。但其发病有季节性。因感邪的性质不同，临床表现也不同，此可与风寒束表，风热袭肺二型相鉴别。燥邪伤肺咳嗽(此指温燥而言。凉燥谓秋凉之气，治从风寒束表咳嗽)，常见于气候干燥之秋季，或过食辛燥食物所致。燥热之邪，耗伤津液，肺失濡润，气机不利，而见干咳无痰，或痰少黄黏，甚则胸痛;燥热之邪损伤肺络，则痰中带血丝。燥热之邪伤律，故见鼻燥、咽干或痛、舌干少津;燥热之邪客于肌表，卫气不固而见形寒、身热等表证:痰温蕴肺咳嗽，是痰湿壅盛,咳由痰致，故有痰出即咳止的特点。*③肝火犯肺咳嗽:多因郁怒伤肝，肝失疏泄，肝盛侮肺,肺气上逆而致。其症状特点为肝气郁结之表现(如胸胁憋闷或痛，情志抑郁，烦躁易怒等)与肺气上逆之症状(咳嗽气逆或咳而喘促等)，以及气郁痰结之表现(痰出不爽，或痰如梅核、败絮等)互见。*④肺气虚咳嗽与肺阴虚咳嗽:皆为虚证咳嗽,肺气虚咳嗽，多由素体阳气不足,肺气虚弱，或寒饮内停,损伤肺气，致肺的宣发肃降功能失职，遂成咳嗽。而肺阴虚咳嗽,多因素体阴虚火旺，或痰热内阻，或热病之后肺阴亏耗，气失清肃而咳嗽。其辨证特点，肺气虚弱必有肺之功能减弱的表现(如声低弱，气短，面色白等;肺合皮毛，宣发无力，则卫外不固，故自汗畏风，易患感冒等)。肺阴虚咳嗽，则因肺失濡润，而肺气上逆，故干咳少痰，咳声嘶哑,口燥咽干;阴虚火旺，则兼见午后潮热,盗汗，五心烦热等，且易动阴血，肺络伤而咳痰带血丝。*⑤肾气虚咳嗽:多因素体阳虚或年老体弱，咳久不止，久病伤于肾所致。肾主骨、藏精而纳气，肾气虚则纳气无力，故多咳而兼喘，或常先喘而引起咳嗽，呼吸困难，甚则感觉气自脐下逆奔而上，劳累后则诸症加重;肾主水，肾气虚则水湿上泛为痰，而痰有咸味，肾司二便，肾气不固，故咳甚则遗溺。咳嗽一症， 首先应辨别其为外感咳嗽还是内伤咳嗽。一般说来， 外感咳嗽多有明显的致病原因，起病较急，病程较短，其特点为必兼表证，多属实证。内伤咳嗽常无明显诱因，起病缓慢，病程较长，特别是肺阴虚和肾阳虚咳嗽，常久而不愈，或反复发作，此以虚证为多。咳嗽之辨证，要抓住咳与痰的特点，如咳嗽白天甚者常为热、为燥;夜间甚者多为肾虚、脾虚或痰湿，辨痰方面，痰清稀者属寒属湿，黏稠者属热属燥，痰色白属风、寒、湿，色黄属热;痰多者属痰湿、脾肾虚，痰少者多为风寒束表或阴虚等。燥咳痰少难出，甚至无痰。', '#XwImages/jbImg/jb1.jpg', '#XwImages/jbImg/jb1.jpg;XwImages/jbImg/jb2.jpg;XwImages/jbImg/jb3.jpg;XwImages/jbImg/jb4.jpg;XwImages/jbImg/jb5.jpg;', '#咳嗽;感冒;肺炎;头疼;牙疼;', '#images/bofang.png#');
INSERT INTO `jb` VALUES (14, '#咳嗽', '#kesou', '#咳嗽是指肺气上逆引起的一种症状，以咳嗽，咯痰为主要表现。其中有声无痰为咳，有痰无声为嗽，本症的病因有外感、内伤两大类。外感咳嗽为六淫外邪浸袭肺系。内伤咳嗽为脏腑功能失调。病因病机为肺气不清，失于宣降。本症常见于现代医学的呼吸道感染，急、慢性气管炎，支气管扩张、肺炎、肺结核等以咳嗽为主要临床表现的肺系疾病。', '#①风寒束表:咳嗽，痰稀色白，咽痒声重，鼻塞流清涕，头痛发热，恶寒或恶风，关节痠痛，舌苔薄白，脉浮紧或浮缓。*②风热袭肺:咳嗽不爽,痰黄或黄白而稠，头痛鼻塞，口干咽痛，身热恶风有汗，或微恶风寒，舌苔薄黄，脉浮数。*③燥邪伤肺:咳嗽,痰少黏稠,难于咳出,或痰中带血丝，或干咳无痰，鼻燥咽干或咽喉痒痛，咳甚则胸痛形寒身热，舌尖红，苔黄，脉浮数或细数。*④痰湿蕴肺:咳嗽,痰多色白,痰出咳止，伴胸脘胀闷,饮食减少，或有恶心呕吐，或见面肿，舌苔白腻，脉濡滑。*⑤肝火犯肺:咳嗽气逆，痰出不爽，或如梅核，或如败絮难于咳出，咽干，咳时面红并引及胁痛，烦躁易怒，舌边尖红，苔薄黄而干，脉弦数。*⑥肺气虚:咳嗽气短,痰清稀薄,面色咣白，动则汗出,易感外邪，舌质淡嫩，苔薄白，脉虚无力。*⑦肺阴虚:久咳不止，痰少而黏，或痰中带血丝,形体消瘦，口燥咽干，或咳声嘶哑。若阴虚火旺者,可伴见潮热盗汗，少气，胸部隐痛，舌质红，少苔，脉细数。*⑧肾气虚:咳嗽,痰清稀呈泡沫状，咳甚则遗溺,气短,劳累则加重，面白微肿，或肢体浮肿，腰痠恶寒，苔白质淡，脉沉细。', '#①风寒束表咳嗽与风热袭肺咳嗽:二证皆由感受外邪所致，故均有表证。风寒咳嗽，因风寒之邪束表犯肺,肺气失宣而见咳嗽,肺气不宣则津液失布故见痰稀色白,鼻流清涕，风寒外束，揍理闭塞，则见头痛发热，恶风寒等。风热袭肺咳嗽为风热邪气犯肺，肺失清肃,热灼津液，故见咳而不爽,痰稠而黄，口渴咽痛;风热上扰清窍，则头部气血逆乱而发为头痛;正邪交争，功能亢奋,故见体温升高而发热,邪气袭表，卫外功能失调则恶风，风热之邪主升发、疏泄,使腠理开泄而见汗出，此二证当以咳嗽的特点，痰的性状，以及所兼表证不同，为其鉴别要点。若表邪入里化热,转为肺热咳嗽,临证均当鉴别。风热袭肺咳嗽亦见表解或未解而肺热已炽之变。*②燥邪伤肺咳嗽与痰湿阻肺咳嗽:二证均为感受外邪所致,故也可均见表证。但其发病有季节性。因感邪的性质不同，临床表现也不同，此可与风寒束表，风热袭肺二型相鉴别。燥邪伤肺咳嗽(此指温燥而言。凉燥谓秋凉之气，治从风寒束表咳嗽)，常见于气候干燥之秋季，或过食辛燥食物所致。燥热之邪，耗伤津液，肺失濡润，气机不利，而见干咳无痰，或痰少黄黏，甚则胸痛;燥热之邪损伤肺络，则痰中带血丝。燥热之邪伤律，故见鼻燥、咽干或痛、舌干少津;燥热之邪客于肌表，卫气不固而见形寒、身热等表证:痰温蕴肺咳嗽，是痰湿壅盛,咳由痰致，故有痰出即咳止的特点。*③肝火犯肺咳嗽:多因郁怒伤肝，肝失疏泄，肝盛侮肺,肺气上逆而致。其症状特点为肝气郁结之表现(如胸胁憋闷或痛，情志抑郁，烦躁易怒等)与肺气上逆之症状(咳嗽气逆或咳而喘促等)，以及气郁痰结之表现(痰出不爽，或痰如梅核、败絮等)互见。*④肺气虚咳嗽与肺阴虚咳嗽:皆为虚证咳嗽,肺气虚咳嗽，多由素体阳气不足,肺气虚弱，或寒饮内停,损伤肺气，致肺的宣发肃降功能失职，遂成咳嗽。而肺阴虚咳嗽,多因素体阴虚火旺，或痰热内阻，或热病之后肺阴亏耗，气失清肃而咳嗽。其辨证特点，肺气虚弱必有肺之功能减弱的表现(如声低弱，气短，面色白等;肺合皮毛，宣发无力，则卫外不固，故自汗畏风，易患感冒等)。肺阴虚咳嗽，则因肺失濡润，而肺气上逆，故干咳少痰，咳声嘶哑,口燥咽干;阴虚火旺，则兼见午后潮热,盗汗，五心烦热等，且易动阴血，肺络伤而咳痰带血丝。*⑤肾气虚咳嗽:多因素体阳虚或年老体弱，咳久不止，久病伤于肾所致。肾主骨、藏精而纳气，肾气虚则纳气无力，故多咳而兼喘，或常先喘而引起咳嗽，呼吸困难，甚则感觉气自脐下逆奔而上，劳累后则诸症加重;肾主水，肾气虚则水湿上泛为痰，而痰有咸味，肾司二便，肾气不固，故咳甚则遗溺。咳嗽一症， 首先应辨别其为外感咳嗽还是内伤咳嗽。一般说来， 外感咳嗽多有明显的致病原因，起病较急，病程较短，其特点为必兼表证，多属实证。内伤咳嗽常无明显诱因，起病缓慢，病程较长，特别是肺阴虚和肾阳虚咳嗽，常久而不愈，或反复发作，此以虚证为多。咳嗽之辨证，要抓住咳与痰的特点，如咳嗽白天甚者常为热、为燥;夜间甚者多为肾虚、脾虚或痰湿，辨痰方面，痰清稀者属寒属湿，黏稠者属热属燥，痰色白属风、寒、湿，色黄属热;痰多者属痰湿、脾肾虚，痰少者多为风寒束表或阴虚等。燥咳痰少难出，甚至无痰。', '#XwImages/jbImg/jb1.jpg', '#XwImages/jbImg/jb1.jpg;XwImages/jbImg/jb2.jpg;XwImages/jbImg/jb3.jpg;XwImages/jbImg/jb4.jpg;XwImages/jbImg/jb5.jpg;', '#咳嗽;感冒;肺炎;头疼;牙疼;', '#images/bofang.png#');
INSERT INTO `jb` VALUES (15, '#咳嗽', '#kesou', '#咳嗽是指肺气上逆引起的一种症状，以咳嗽，咯痰为主要表现。其中有声无痰为咳，有痰无声为嗽，本症的病因有外感、内伤两大类。外感咳嗽为六淫外邪浸袭肺系。内伤咳嗽为脏腑功能失调。病因病机为肺气不清，失于宣降。本症常见于现代医学的呼吸道感染，急、慢性气管炎，支气管扩张、肺炎、肺结核等以咳嗽为主要临床表现的肺系疾病。', '#①风寒束表:咳嗽，痰稀色白，咽痒声重，鼻塞流清涕，头痛发热，恶寒或恶风，关节痠痛，舌苔薄白，脉浮紧或浮缓。*②风热袭肺:咳嗽不爽,痰黄或黄白而稠，头痛鼻塞，口干咽痛，身热恶风有汗，或微恶风寒，舌苔薄黄，脉浮数。*③燥邪伤肺:咳嗽,痰少黏稠,难于咳出,或痰中带血丝，或干咳无痰，鼻燥咽干或咽喉痒痛，咳甚则胸痛形寒身热，舌尖红，苔黄，脉浮数或细数。*④痰湿蕴肺:咳嗽,痰多色白,痰出咳止，伴胸脘胀闷,饮食减少，或有恶心呕吐，或见面肿，舌苔白腻，脉濡滑。*⑤肝火犯肺:咳嗽气逆，痰出不爽，或如梅核，或如败絮难于咳出，咽干，咳时面红并引及胁痛，烦躁易怒，舌边尖红，苔薄黄而干，脉弦数。*⑥肺气虚:咳嗽气短,痰清稀薄,面色咣白，动则汗出,易感外邪，舌质淡嫩，苔薄白，脉虚无力。*⑦肺阴虚:久咳不止，痰少而黏，或痰中带血丝,形体消瘦，口燥咽干，或咳声嘶哑。若阴虚火旺者,可伴见潮热盗汗，少气，胸部隐痛，舌质红，少苔，脉细数。*⑧肾气虚:咳嗽,痰清稀呈泡沫状，咳甚则遗溺,气短,劳累则加重，面白微肿，或肢体浮肿，腰痠恶寒，苔白质淡，脉沉细。', '#①风寒束表咳嗽与风热袭肺咳嗽:二证皆由感受外邪所致，故均有表证。风寒咳嗽，因风寒之邪束表犯肺,肺气失宣而见咳嗽,肺气不宣则津液失布故见痰稀色白,鼻流清涕，风寒外束，揍理闭塞，则见头痛发热，恶风寒等。风热袭肺咳嗽为风热邪气犯肺，肺失清肃,热灼津液，故见咳而不爽,痰稠而黄，口渴咽痛;风热上扰清窍，则头部气血逆乱而发为头痛;正邪交争，功能亢奋,故见体温升高而发热,邪气袭表，卫外功能失调则恶风，风热之邪主升发、疏泄,使腠理开泄而见汗出，此二证当以咳嗽的特点，痰的性状，以及所兼表证不同，为其鉴别要点。若表邪入里化热,转为肺热咳嗽,临证均当鉴别。风热袭肺咳嗽亦见表解或未解而肺热已炽之变。*②燥邪伤肺咳嗽与痰湿阻肺咳嗽:二证均为感受外邪所致,故也可均见表证。但其发病有季节性。因感邪的性质不同，临床表现也不同，此可与风寒束表，风热袭肺二型相鉴别。燥邪伤肺咳嗽(此指温燥而言。凉燥谓秋凉之气，治从风寒束表咳嗽)，常见于气候干燥之秋季，或过食辛燥食物所致。燥热之邪，耗伤津液，肺失濡润，气机不利，而见干咳无痰，或痰少黄黏，甚则胸痛;燥热之邪损伤肺络，则痰中带血丝。燥热之邪伤律，故见鼻燥、咽干或痛、舌干少津;燥热之邪客于肌表，卫气不固而见形寒、身热等表证:痰温蕴肺咳嗽，是痰湿壅盛,咳由痰致，故有痰出即咳止的特点。*③肝火犯肺咳嗽:多因郁怒伤肝，肝失疏泄，肝盛侮肺,肺气上逆而致。其症状特点为肝气郁结之表现(如胸胁憋闷或痛，情志抑郁，烦躁易怒等)与肺气上逆之症状(咳嗽气逆或咳而喘促等)，以及气郁痰结之表现(痰出不爽，或痰如梅核、败絮等)互见。*④肺气虚咳嗽与肺阴虚咳嗽:皆为虚证咳嗽,肺气虚咳嗽，多由素体阳气不足,肺气虚弱，或寒饮内停,损伤肺气，致肺的宣发肃降功能失职，遂成咳嗽。而肺阴虚咳嗽,多因素体阴虚火旺，或痰热内阻，或热病之后肺阴亏耗，气失清肃而咳嗽。其辨证特点，肺气虚弱必有肺之功能减弱的表现(如声低弱，气短，面色白等;肺合皮毛，宣发无力，则卫外不固，故自汗畏风，易患感冒等)。肺阴虚咳嗽，则因肺失濡润，而肺气上逆，故干咳少痰，咳声嘶哑,口燥咽干;阴虚火旺，则兼见午后潮热,盗汗，五心烦热等，且易动阴血，肺络伤而咳痰带血丝。*⑤肾气虚咳嗽:多因素体阳虚或年老体弱，咳久不止，久病伤于肾所致。肾主骨、藏精而纳气，肾气虚则纳气无力，故多咳而兼喘，或常先喘而引起咳嗽，呼吸困难，甚则感觉气自脐下逆奔而上，劳累后则诸症加重;肾主水，肾气虚则水湿上泛为痰，而痰有咸味，肾司二便，肾气不固，故咳甚则遗溺。咳嗽一症， 首先应辨别其为外感咳嗽还是内伤咳嗽。一般说来， 外感咳嗽多有明显的致病原因，起病较急，病程较短，其特点为必兼表证，多属实证。内伤咳嗽常无明显诱因，起病缓慢，病程较长，特别是肺阴虚和肾阳虚咳嗽，常久而不愈，或反复发作，此以虚证为多。咳嗽之辨证，要抓住咳与痰的特点，如咳嗽白天甚者常为热、为燥;夜间甚者多为肾虚、脾虚或痰湿，辨痰方面，痰清稀者属寒属湿，黏稠者属热属燥，痰色白属风、寒、湿，色黄属热;痰多者属痰湿、脾肾虚，痰少者多为风寒束表或阴虚等。燥咳痰少难出，甚至无痰。', '#XwImages/jbImg/jb1.jpg', '#XwImages/jbImg/jb1.jpg;XwImages/jbImg/jb2.jpg;XwImages/jbImg/jb3.jpg;XwImages/jbImg/jb4.jpg;XwImages/jbImg/jb5.jpg;', '#咳嗽;感冒;肺炎;头疼;牙疼;', '#images/bofang.png#');

-- ----------------------------
-- Table structure for jjsp
-- ----------------------------
DROP TABLE IF EXISTS `jjsp`;
CREATE TABLE `jjsp`  (
  `id` int(0) NOT NULL,
  `name` varchar(255) CHARACTER SET utf8 COLLATE utf8_general_ci NULL DEFAULT NULL,
  `img` varchar(255) CHARACTER SET utf8 COLLATE utf8_general_ci NULL DEFAULT NULL,
  `bofang` varchar(255) CHARACTER SET utf8 COLLATE utf8_general_ci NULL DEFAULT NULL,
  PRIMARY KEY (`id`) USING BTREE
) ENGINE = InnoDB CHARACTER SET = utf8 COLLATE = utf8_general_ci ROW_FORMAT = Dynamic;

-- ----------------------------
-- Records of jjsp
-- ----------------------------
INSERT INTO `jjsp` VALUES (1, '#四肢麻木的论治要点', '#images/news1.jpg', '#images/bofang.png#');
INSERT INTO `jjsp` VALUES (2, '#胃痛的应用案例', '#images/news2.jpg', '#images/bofang.png#');
INSERT INTO `jjsp` VALUES (3, '#咳嗽的应用案例', '#images/news3.jpg', '#images/bofang.png#');
INSERT INTO `jjsp` VALUES (4, '#咳嗽的应用案例2', '#images/news4.jpg', '#images/bofang.png#');
INSERT INTO `jjsp` VALUES (5, '#咳嗽的论治要点', '#images/news5.jpg', '#images/bofang.png#');
INSERT INTO `jjsp` VALUES (6, '#四肢麻木的论治要点', '#images/peix_img.jpg', '#images/bofang.png#');
INSERT INTO `jjsp` VALUES (7, '#胃痛的应用案例', '#images/peix_img1.jpg', '#images/bofang.png#');
INSERT INTO `jjsp` VALUES (8, '#胃痛的应用案例', '#images/peix_img2.jpg', '#images/bofang.png#');
INSERT INTO `jjsp` VALUES (9, '#胃痛的应用案例', '#images/peix_img3.jpg', '#images/bofang.png#');
INSERT INTO `jjsp` VALUES (10, '#胃痛的应用案例', '#images/peix_img3.jpg', '#images/bofang.png#');
INSERT INTO `jjsp` VALUES (11, '#胃痛的应用案例', '#images/peix_img3.jpg', '#images/bofang.png#');
INSERT INTO `jjsp` VALUES (12, '#胃痛的应用案例', '#images/peix_img3.jpg', '#images/bofang.png#');
INSERT INTO `jjsp` VALUES (13, '#胃痛的应用案例', '#images/peix_img3.jpg', '#images/bofang.png#');
INSERT INTO `jjsp` VALUES (14, '#胃痛的应用案例', '#images/peix_img3.jpg', '#images/bofang.png#');
INSERT INTO `jjsp` VALUES (15, '#胃痛的应用案例', '#images/peix_img3.jpg', '#images/bofang.png#');

-- ----------------------------
-- Table structure for jjsp0
-- ----------------------------
DROP TABLE IF EXISTS `jjsp0`;
CREATE TABLE `jjsp0`  (
  `id` int(0) NOT NULL,
  `name` varchar(255) CHARACTER SET utf8 COLLATE utf8_general_ci NULL DEFAULT NULL,
  `ename` varchar(255) CHARACTER SET utf8 COLLATE utf8_general_ci NULL DEFAULT NULL,
  `dingyi` varchar(255) CHARACTER SET utf8 COLLATE utf8_general_ci NULL DEFAULT NULL,
  `reason` varchar(255) CHARACTER SET utf8 COLLATE utf8_general_ci NULL DEFAULT NULL,
  `fashengjizhi` varchar(255) CHARACTER SET utf8 COLLATE utf8_general_ci NULL DEFAULT NULL,
  `video` varchar(255) CHARACTER SET utf8 COLLATE utf8_general_ci NULL DEFAULT NULL,
  `img` varchar(255) CHARACTER SET utf8 COLLATE utf8_general_ci NULL DEFAULT NULL,
  PRIMARY KEY (`id`) USING BTREE
) ENGINE = InnoDB CHARACTER SET = utf8 COLLATE = utf8_general_ci ROW_FORMAT = Dynamic;

-- ----------------------------
-- Records of jjsp0
-- ----------------------------
INSERT INTO `jjsp0` VALUES (1, '#四肢麻木的论证要点', '#Sizhimamu', '#四肢麻木是四肢远端感觉功能丧失或异常，同时可能伴运动功能障碍，有时范围可向上延伸，可发于各年龄阶段，原因可能与神经受累、血管受累等有关。', '#血管受累引起的四肢麻木：血管病变导致四肢远端血流供应不足而引起的，如血管炎、雷诺氏综合征等。\r\n神经受累引起的四肢麻木：神经病变直接引起的感觉异常，如神经病变、神经损伤等。', '#动脉血管因栓塞、痉挛等原因出现狭窄，甚至闭塞，会导致相应组织缺血、缺氧、代谢产物堆积，从而使神经感觉出现异常，表现为麻木。神经在原发或继发的神经疾病时，会出现功能异常，而导致麻木。', '#movie/M1.mp4', '#images/img_sp.jpg');

-- ----------------------------
-- Table structure for jm
-- ----------------------------
DROP TABLE IF EXISTS `jm`;
CREATE TABLE `jm`  (
  `id` int(0) NOT NULL,
  `jmname` varchar(255) CHARACTER SET utf8 COLLATE utf8_general_ci NULL DEFAULT NULL,
  `jm_img` varchar(255) CHARACTER SET utf8 COLLATE utf8_general_ci NULL DEFAULT NULL,
  `bofang` varchar(255) CHARACTER SET utf8 COLLATE utf8_general_ci NULL DEFAULT NULL,
  PRIMARY KEY (`id`) USING BTREE
) ENGINE = InnoDB CHARACTER SET = utf8 COLLATE = utf8_general_ci ROW_FORMAT = Dynamic;

-- ----------------------------
-- Records of jm
-- ----------------------------
INSERT INTO `jm` VALUES (1, '#手太阴肺经', '#XwImages/jmImg/jm1.jpg', '#images/bofang.png#');
INSERT INTO `jm` VALUES (2, '#手阳明大肠经', '#XwImages/jmImg/jm2.jpg', '#images/bofang.png#');
INSERT INTO `jm` VALUES (3, '#足阳明胃经', '#XwImages/jmImg/jm3.jpg', '#images/bofang.png#');
INSERT INTO `jm` VALUES (4, '#足太阴脾经', '#XwImages/jmImg/jm4.jpg', '#images/bofang.png#');
INSERT INTO `jm` VALUES (5, '#手少阴心经', '#XwImages/jmImg/jm5.jpg', '#images/bofang.png#');
INSERT INTO `jm` VALUES (6, '#手太阳小肠经', '#XwImages/jmImg/jm6.jpg', '#images/bofang.png#');
INSERT INTO `jm` VALUES (7, '#足太阳膀胱经', '#XwImages/jmImg/jm7.jpg', '#images/bofang.png#');
INSERT INTO `jm` VALUES (8, '#足少阴肾经', '#XwImages/jmImg/jm8.jpg', '#images/bofang.png#');
INSERT INTO `jm` VALUES (9, '#手厥阴心包经', '#XwImages/jmImg/jm9.jpg', '#images/bofang.png#');
INSERT INTO `jm` VALUES (10, '#手少阳三焦经', '#XwImages/jmImg/jm10.jpg', '#images/bofang.png#');
INSERT INTO `jm` VALUES (11, '#足少阳胆经', '#XwImages/jmImg/jm11.jpg', '#images/bofang.png#');
INSERT INTO `jm` VALUES (12, '#足厥阴肝经', '#XwImages/jmImg/jm12.jpg', '#images/bofang.png#');
INSERT INTO `jm` VALUES (13, '#督脉', '#XwImages/jmImg/jm13.jpg', '#images/bofang.png#');
INSERT INTO `jm` VALUES (14, '#任脉', '#XwImages/jmImg/jm14.jpg', '#images/bofang.png#');
INSERT INTO `jm` VALUES (15, '#经外奇穴', '#XwImages/jmImg/jm15.jpg', '#images/bofang.png#');

-- ----------------------------
-- Table structure for wz
-- ----------------------------
DROP TABLE IF EXISTS `wz`;
CREATE TABLE `wz`  (
  `id` int(0) NOT NULL,
  `article` varchar(255) CHARACTER SET utf8 COLLATE utf8_general_ci NULL DEFAULT NULL,
  `content` varchar(20000) CHARACTER SET utf8 COLLATE utf8_general_ci NULL DEFAULT NULL,
  `img` varchar(255) CHARACTER SET utf8 COLLATE utf8_general_ci NULL DEFAULT NULL,
  `bofang` varchar(255) CHARACTER SET utf8 COLLATE utf8_general_ci NULL DEFAULT NULL,
  PRIMARY KEY (`id`) USING BTREE
) ENGINE = InnoDB CHARACTER SET = utf8 COLLATE = utf8_general_ci ROW_FORMAT = Dynamic;

-- ----------------------------
-- Records of wz
-- ----------------------------
INSERT INTO `wz` VALUES (1, '#保养大肠经的最佳时间', '#大肠经位于上肢外侧，是多气多血之经，阳气最盛，平日可用刮痧、敲打等方法对其进行刺激，可以清除体内的热毒，清洁血液通道，预防青春痘、暗疮等皮肤病。可以沿着大肠经的循行路线进行拍打，每天拍打1次，每次以12分钟为宜，不妨双手交替进行。*卯时（05：00～07：00），大肠经最旺，大肠蠕动，排出毒物渣滓。肺与大肠相表里。肺将充足的新鲜血液布满全身，紧接着促使大肠进入兴奋状态，完成吸收食物中的水分和营养、排出渣滓的过程。清晨起床后最好养成排便的习惯。起床后宜先喝杯温开水，然后去卫生间把一天积攒下来的废物排出体外。晨起一杯温水，可稀释血液，有防止血栓形成的作用。', '#images/banner_sheji1.jpg', '#images/bofang.png#');
INSERT INTO `wz` VALUES (2, '#保养肺经的最佳时间', '#肺经位于上肢内侧，平常看电视、等车等空闲时间都可以用手掌拍一拍该经所循行的位置，不过力度一定要轻。因为人的肺气永远都不会多，只会变少，因此轻度拍打是补气，而用力过重的话，就会“泻”气。每次轻轻拍打1～3分钟即可。*《黄帝内经》中说，寅时（03：00～05：00）经脉气血循行流注至肺经，肺有病的人经常会在此时醒来，这是气血不足的表现。保养肺经此时按摩最好，但此时正是早上睡眠的时间。因此，可在同名经，也就是足太阴脾经当令的时段（09：00～11：00），对肺经和脾经进行按摩。', '#images/banner_sheji1.jpg', '#images/bofang.png#');
INSERT INTO `wz` VALUES (3, '#保养肺经的最佳时间', '#肺经位于上肢内侧，平常看电视、等车等空闲时间都可以用手掌拍一拍该经所循行的位置，不过力度一定要轻。因为人的肺气永远都不会多，只会变少，因此轻度拍打是补气，而用力过重的话，就会“泻”气。每次轻轻拍打1～3分钟即可。*《黄帝内经》中说，寅时（03：00～05：00）经脉气血循行流注至肺经，肺有病的人经常会在此时醒来，这是气血不足的表现。保养肺经此时按摩最好，但此时正是早上睡眠的时间。因此，可在同名经，也就是足太阴脾经当令的时段（09：00～11：00），对肺经和脾经进行按摩。', '#images/banner_sheji1.jpg', '#images/bofang.png#');
INSERT INTO `wz` VALUES (4, '#保养肺经的最佳时间', '#肺经位于上肢内侧，平常看电视、等车等空闲时间都可以用手掌拍一拍该经所循行的位置，不过力度一定要轻。因为人的肺气永远都不会多，只会变少，因此轻度拍打是补气，而用力过重的话，就会“泻”气。每次轻轻拍打1～3分钟即可。*《黄帝内经》中说，寅时（03：00～05：00）经脉气血循行流注至肺经，肺有病的人经常会在此时醒来，这是气血不足的表现。保养肺经此时按摩最好，但此时正是早上睡眠的时间。因此，可在同名经，也就是足太阴脾经当令的时段（09：00～11：00），对肺经和脾经进行按摩。', '#images/banner_sheji1.jpg', '#images/bofang.png#');
INSERT INTO `wz` VALUES (5, '#保养肺经的最佳时间', '#肺经位于上肢内侧，平常看电视、等车等空闲时间都可以用手掌拍一拍该经所循行的位置，不过力度一定要轻。因为人的肺气永远都不会多，只会变少，因此轻度拍打是补气，而用力过重的话，就会“泻”气。每次轻轻拍打1～3分钟即可。*《黄帝内经》中说，寅时（03：00～05：00）经脉气血循行流注至肺经，肺有病的人经常会在此时醒来，这是气血不足的表现。保养肺经此时按摩最好，但此时正是早上睡眠的时间。因此，可在同名经，也就是足太阴脾经当令的时段（09：00～11：00），对肺经和脾经进行按摩。', '#images/banner_sheji1.jpg', '#images/bofang.png#');
INSERT INTO `wz` VALUES (6, '#保养肺经的最佳时间', '#肺经位于上肢内侧，平常看电视、等车等空闲时间都可以用手掌拍一拍该经所循行的位置，不过力度一定要轻。因为人的肺气永远都不会多，只会变少，因此轻度拍打是补气，而用力过重的话，就会“泻”气。每次轻轻拍打1～3分钟即可。*《黄帝内经》中说，寅时（03：00～05：00）经脉气血循行流注至肺经，肺有病的人经常会在此时醒来，这是气血不足的表现。保养肺经此时按摩最好，但此时正是早上睡眠的时间。因此，可在同名经，也就是足太阴脾经当令的时段（09：00～11：00），对肺经和脾经进行按摩。', '#images/banner_sheji1.jpg', '#images/bofang.png#');
INSERT INTO `wz` VALUES (7, '#保养大肠经的最佳时间', '#大肠经位于上肢外侧，是多气多血之经，阳气最盛，平日可用刮痧、敲打等方法对其进行刺激，可以清除体内的热毒，清洁血液通道，预防青春痘、暗疮等皮肤病。可以沿着大肠经的循行路线进行拍打，每天拍打1次，每次以12分钟为宜，不妨双手交替进行。*卯时（05：00～07：00），大肠经最旺，大肠蠕动，排出毒物渣滓。肺与大肠相表里。肺将充足的新鲜血液布满全身，紧接着促使大肠进入兴奋状态，完成吸收食物中的水分和营养、排出渣滓的过程。清晨起床后最好养成排便的习惯。起床后宜先喝杯温开水，然后去卫生间把一天积攒下来的废物排出体外。晨起一杯温水，可稀释血液，有防止血栓形成的作用。', '#images/banner_sheji1.jpg', '#images/bofang.png#');
INSERT INTO `wz` VALUES (8, '#保养大肠经的最佳时间', '#大肠经位于上肢外侧，是多气多血之经，阳气最盛，平日可用刮痧、敲打等方法对其进行刺激，可以清除体内的热毒，清洁血液通道，预防青春痘、暗疮等皮肤病。可以沿着大肠经的循行路线进行拍打，每天拍打1次，每次以12分钟为宜，不妨双手交替进行。*卯时（05：00～07：00），大肠经最旺，大肠蠕动，排出毒物渣滓。肺与大肠相表里。肺将充足的新鲜血液布满全身，紧接着促使大肠进入兴奋状态，完成吸收食物中的水分和营养、排出渣滓的过程。清晨起床后最好养成排便的习惯。起床后宜先喝杯温开水，然后去卫生间把一天积攒下来的废物排出体外。晨起一杯温水，可稀释血液，有防止血栓形成的作用。', '#images/banner_sheji1.jpg', '#images/bofang.png#');
INSERT INTO `wz` VALUES (9, '#保养大肠经的最佳时间', '#大肠经位于上肢外侧，是多气多血之经，阳气最盛，平日可用刮痧、敲打等方法对其进行刺激，可以清除体内的热毒，清洁血液通道，预防青春痘、暗疮等皮肤病。可以沿着大肠经的循行路线进行拍打，每天拍打1次，每次以12分钟为宜，不妨双手交替进行。*卯时（05：00～07：00），大肠经最旺，大肠蠕动，排出毒物渣滓。肺与大肠相表里。肺将充足的新鲜血液布满全身，紧接着促使大肠进入兴奋状态，完成吸收食物中的水分和营养、排出渣滓的过程。清晨起床后最好养成排便的习惯。起床后宜先喝杯温开水，然后去卫生间把一天积攒下来的废物排出体外。晨起一杯温水，可稀释血液，有防止血栓形成的作用。', '#images/banner_sheji1.jpg', '#images/bofang.png#');
INSERT INTO `wz` VALUES (10, '#保养大肠经的最佳时间', '#大肠经位于上肢外侧，是多气多血之经，阳气最盛，平日可用刮痧、敲打等方法对其进行刺激，可以清除体内的热毒，清洁血液通道，预防青春痘、暗疮等皮肤病。可以沿着大肠经的循行路线进行拍打，每天拍打1次，每次以12分钟为宜，不妨双手交替进行。*卯时（05：00～07：00），大肠经最旺，大肠蠕动，排出毒物渣滓。肺与大肠相表里。肺将充足的新鲜血液布满全身，紧接着促使大肠进入兴奋状态，完成吸收食物中的水分和营养、排出渣滓的过程。清晨起床后最好养成排便的习惯。起床后宜先喝杯温开水，然后去卫生间把一天积攒下来的废物排出体外。晨起一杯温水，可稀释血液，有防止血栓形成的作用。', '#images/banner_sheji1.jpg', '#images/bofang.png#');
INSERT INTO `wz` VALUES (11, '#保养大肠经的最佳时间', '#大肠经位于上肢外侧，是多气多血之经，阳气最盛，平日可用刮痧、敲打等方法对其进行刺激，可以清除体内的热毒，清洁血液通道，预防青春痘、暗疮等皮肤病。可以沿着大肠经的循行路线进行拍打，每天拍打1次，每次以12分钟为宜，不妨双手交替进行。*卯时（05：00～07：00），大肠经最旺，大肠蠕动，排出毒物渣滓。肺与大肠相表里。肺将充足的新鲜血液布满全身，紧接着促使大肠进入兴奋状态，完成吸收食物中的水分和营养、排出渣滓的过程。清晨起床后最好养成排便的习惯。起床后宜先喝杯温开水，然后去卫生间把一天积攒下来的废物排出体外。晨起一杯温水，可稀释血液，有防止血栓形成的作用。', '#images/banner_sheji1.jpg', '#images/bofang.png#');
INSERT INTO `wz` VALUES (12, '#保养大肠经的最佳时间', '#大肠经位于上肢外侧，是多气多血之经，阳气最盛，平日可用刮痧、敲打等方法对其进行刺激，可以清除体内的热毒，清洁血液通道，预防青春痘、暗疮等皮肤病。可以沿着大肠经的循行路线进行拍打，每天拍打1次，每次以12分钟为宜，不妨双手交替进行。*卯时（05：00～07：00），大肠经最旺，大肠蠕动，排出毒物渣滓。肺与大肠相表里。肺将充足的新鲜血液布满全身，紧接着促使大肠进入兴奋状态，完成吸收食物中的水分和营养、排出渣滓的过程。清晨起床后最好养成排便的习惯。起床后宜先喝杯温开水，然后去卫生间把一天积攒下来的废物排出体外。晨起一杯温水，可稀释血液，有防止血栓形成的作用。', '#images/banner_sheji1.jpg', '#images/bofang.png#');
INSERT INTO `wz` VALUES (13, '#保养大肠经的最佳时间', '#大肠经位于上肢外侧，是多气多血之经，阳气最盛，平日可用刮痧、敲打等方法对其进行刺激，可以清除体内的热毒，清洁血液通道，预防青春痘、暗疮等皮肤病。可以沿着大肠经的循行路线进行拍打，每天拍打1次，每次以12分钟为宜，不妨双手交替进行。*卯时（05：00～07：00），大肠经最旺，大肠蠕动，排出毒物渣滓。肺与大肠相表里。肺将充足的新鲜血液布满全身，紧接着促使大肠进入兴奋状态，完成吸收食物中的水分和营养、排出渣滓的过程。清晨起床后最好养成排便的习惯。起床后宜先喝杯温开水，然后去卫生间把一天积攒下来的废物排出体外。晨起一杯温水，可稀释血液，有防止血栓形成的作用。', '#images/banner_sheji1.jpg', '#images/bofang.png#');
INSERT INTO `wz` VALUES (14, '#保养肺经的最佳时间', '#肺经位于上肢内侧，平常看电视、等车等空闲时间都可以用手掌拍一拍该经所循行的位置，不过力度一定要轻。因为人的肺气永远都不会多，只会变少，因此轻度拍打是补气，而用力过重的话，就会“泻”气。每次轻轻拍打1～3分钟即可。*《黄帝内经》中说，寅时（03：00～05：00）经脉气血循行流注至肺经，肺有病的人经常会在此时醒来，这是气血不足的表现。保养肺经此时按摩最好，但此时正是早上睡眠的时间。因此，可在同名经，也就是足太阴脾经当令的时段（09：00～11：00），对肺经和脾经进行按摩。', '#images/banner_sheji1.jpg', '#images/bofang.png#');
INSERT INTO `wz` VALUES (15, '#保养肺经的最佳时间', '#肺经位于上肢内侧，平常看电视、等车等空闲时间都可以用手掌拍一拍该经所循行的位置，不过力度一定要轻。因为人的肺气永远都不会多，只会变少，因此轻度拍打是补气，而用力过重的话，就会“泻”气。每次轻轻拍打1～3分钟即可。*《黄帝内经》中说，寅时（03：00～05：00）经脉气血循行流注至肺经，肺有病的人经常会在此时醒来，这是气血不足的表现。保养肺经此时按摩最好，但此时正是早上睡眠的时间。因此，可在同名经，也就是足太阴脾经当令的时段（09：00～11：00），对肺经和脾经进行按摩。', '#images/banner_sheji1.jpg', '#images/bofang.png#');

-- ----------------------------
-- Table structure for xw
-- ----------------------------
DROP TABLE IF EXISTS `xw`;
CREATE TABLE `xw`  (
  `x_id` int(0) NOT NULL,
  `name` varchar(255) CHARACTER SET utf8 COLLATE utf8_general_ci NULL DEFAULT NULL,
  `ename` varchar(255) CHARACTER SET utf8 COLLATE utf8_general_ci NULL DEFAULT NULL,
  `jmname` varchar(255) CHARACTER SET utf8 COLLATE utf8_general_ci NULL DEFAULT NULL,
  `gainian` varchar(10000) CHARACTER SET utf8 COLLATE utf8_general_ci NULL DEFAULT NULL,
  `liaofa` varchar(10000) CHARACTER SET utf8 COLLATE utf8_general_ci NULL DEFAULT NULL,
  `img` varchar(255) CHARACTER SET utf8 COLLATE utf8_general_ci NULL DEFAULT NULL,
  `imgList` varchar(255) CHARACTER SET utf8 COLLATE utf8_general_ci NULL DEFAULT NULL,
  `movie` varchar(255) CHARACTER SET utf8 COLLATE utf8_general_ci NULL DEFAULT NULL,
  `jm_id` int(0) NOT NULL,
  PRIMARY KEY (`x_id`) USING BTREE,
  INDEX `jm_id`(`jm_id`) USING BTREE,
  CONSTRAINT `xw_ibfk_1` FOREIGN KEY (`jm_id`) REFERENCES `jm` (`id`) ON DELETE CASCADE ON UPDATE CASCADE
) ENGINE = InnoDB CHARACTER SET = utf8 COLLATE = utf8_general_ci ROW_FORMAT = Dynamic;

-- ----------------------------
-- Records of xw
-- ----------------------------
INSERT INTO `xw` VALUES (1, '#中府', '#Zhongfu L1', '#手太阴肺经', '#特定穴：肺募穴，手，足太阴交会穴。*主治病症:①咳嗽，气喘，胸满痛等肺部病症；②肩背痛。*经验应用:①现代常用于治疗气管炎、支气管哮喘、肺炎等。配肺俞主治外感和内伤咳嗽;配复溜主治肺阴虚之干咳、肺痨等。②《马氏温灸法》:治肺结核等各种肺病，亦用于下肢水肿。', '#艾灸：①隔物灸仪艾灸时间: 30-50分钟; 温度:38-45°C;②艾条悬灸时间: 5-10分钟;③艾炷灸时间: 5-7壮。*按摩：自我按摩，食指放在中指上，用中指指腹点按揉运穴位的酸胀处3分钟。*针灸：向外斜刺0.5~0. 8寸，进针宜用指切手法，不可向内深刺，以免伤及肺脏、引起气胸，甚至窒息。局部有酸胀感。《素问.禁刺论》“刺膺中陷中肺，为喘逆仰息“。临床实践证明，本穴位除能治疗本经咳喘、胸部胀满外，亦可以治疗脾失健运而导致的纳差、腹胀等脾经病症。另外，本穴对诊断肺结核有一定的参考价值，并常作为治疗肺结核病的主穴之一。温馨提示:针刺需临床证明，请谨慎操作。', '#xwImg/jm1Img/xw0.jpg', '#XwImages/jmImg/jm1.jpg;XwImages/jmImg/jm2.jpg;XwImages/jmImg/jm3.jpg;XwImages/jmImg/jm4.jpg;', '#XwImages/movie/M1.mp4#', 1);
INSERT INTO `xw` VALUES (2, '#云门', '#Yunmen L2', '#手太阴肺经', '#特定穴：无。*主治病症:①咳嗽，气喘；②胸痛，肩背痛。*经验应用:现代常用于治疗气管炎、支气管哮喘、肋间神经痛、局部软组织疾患等。配肺俞主治咳嗽、气喘;配中府、期门等主治胸肋痛。', '#艾灸：①隔物灸仪艾灸时间: 30-50分钟; 温度:38-45°C;②艾条悬灸时间: 10-15分钟;③艾炷灸时间: 3-5壮。*按摩：自我按摩，食指放在中指上，用中指指腹点按揉运穴位的酸胀处3分钟。*针灸：向外斜刺0.3~0.5寸，可沿本经传到至上肢远端。甲乙经》“刺太深，令人逆息”。临床上要牢牢掌握针刺的深度和角度，不可向内侧深刺，以防刺伤肺脏。《甲乙经》“肩痛不可举，引缺盆痛，云门主之”云门穴下为喙突肩喙突锁骨韧带包括斜方韧带和圆锥韧带，针刺云门穴可以松解肩部喙锁韧带，增加肩部上举活动度，临床中对肩周炎有效。温馨提示:针刺需临床证明，请谨慎操作。', '#xwImg/jm1Img/xw1.jpg', '#XwImages/jmImg/jm1.jpg;XwImages/jmImg/jm2.jpg;XwImages/jmImg/jm3.jpg;XwImages/jmImg/jm4.jpg;', '#XwImages/movie/M1.mp4#', 1);
INSERT INTO `xw` VALUES (3, '#天府', NULL, NULL, NULL, NULL, '#xwImg/jm1Img/xw2.jpg', NULL, NULL, 1);
INSERT INTO `xw` VALUES (4, '#侠白', NULL, NULL, NULL, NULL, '#xwImg/jm1Img/xw3.jpg', NULL, NULL, 1);
INSERT INTO `xw` VALUES (5, '#尺泽', NULL, NULL, NULL, NULL, '#xwImg/jm1Img/xw4.jpg', NULL, NULL, 1);
INSERT INTO `xw` VALUES (6, '#孔最', NULL, NULL, NULL, NULL, '#xwImg/jm1Img/xw5.jpg', NULL, NULL, 1);
INSERT INTO `xw` VALUES (7, '#列缺', NULL, NULL, NULL, NULL, '#xwImg/jm1Img/xw6.jpg', NULL, NULL, 1);
INSERT INTO `xw` VALUES (8, '#经渠', NULL, NULL, NULL, NULL, '#xwImg/jm1Img/xw7.jpg', NULL, NULL, 1);
INSERT INTO `xw` VALUES (9, '#太渊', NULL, NULL, NULL, NULL, '#xwImg/jm1Img/xw8.jpg', NULL, NULL, 1);
INSERT INTO `xw` VALUES (10, '#鱼际', NULL, NULL, NULL, NULL, '#xwImg/jm1Img/xw9.jpg', NULL, NULL, 1);
INSERT INTO `xw` VALUES (11, '#少商', NULL, NULL, NULL, NULL, '#xwImg/jm1Img/xw0.jpg', NULL, NULL, 1);
INSERT INTO `xw` VALUES (12, '#商阳', NULL, NULL, NULL, NULL, '#xwImg/jm1Img/xw0.jpg', NULL, NULL, 2);
INSERT INTO `xw` VALUES (13, '#二间', NULL, NULL, NULL, NULL, '#xwImg/jm1Img/xw0.jpg', NULL, NULL, 2);
INSERT INTO `xw` VALUES (14, '#三间', NULL, NULL, NULL, NULL, '#xwImg/jm1Img/xw0.jpg', NULL, NULL, 2);
INSERT INTO `xw` VALUES (15, '#合谷', NULL, NULL, NULL, NULL, '#xwImg/jm1Img/xw0.jpg', NULL, NULL, 2);
INSERT INTO `xw` VALUES (16, '#', NULL, NULL, NULL, NULL, '#xwImg/jm1Img/xw0.jpg', NULL, NULL, 2);

SET FOREIGN_KEY_CHECKS = 1;
